job_id,resume_id,job_text,resume_text,skills_text,education_text,experience_text,certifications_text,gender,race,label_relevant,full_similarity,skills_similarity,education_similarity,experience_similarity,certifications_similarity,baseline_rank,selected_top_k
JOB001,R0166,"job title: data scientist company: techcorp ltd about the role: we are seeking a skilled data scientist to join our analytics team. you will work on cutting-edge machine learning projects to drive business decisions through data. responsibilities: - build and deploy machine learning models - perform statistical analysis on large datasets - collaborate with engineering and product teams - communicate findings to non-technical stakeholders requirements: skills - proficiency in python and sql - strong knowledge of machine learning algorithms - experience with scikit-learn, tensorflow or pytorch - data visualisation skills (matplotlib, seaborn, tableau) - strong statistics and mathematics background education - bsc or msc in computer science, data science, statistics or related field experience - 2+ years in a data science or analytics role - experience with end-to-end model development and deployment certifications - tensorflow developer certificate or equivalent is a plus","robert adeyemi email: r0166@email.com skills tensorflow, terraform, scikit-learn, statistics, machine learning, sql, computer vision, postgresql, python, data visualisation education bsc software engineering, de montfort university (2013) work experience qa engineer at techcorp ltd (2015-2018): applied python and scikit-learn to deliver projects. | full stack developer at globaltech systems (2016-2017): applied tensorflow and sql to deliver projects. | machine learning engineer at innovatesoft (2016-2019): applied scikit-learn and machine learning to deliver projects. certifications tableau desktop specialist, certified kubernetes administrator","tensorflow, terraform, scikit-learn, statistics, machine learning, sql, computer vision, postgresql, python, data visualisation","bsc software engineering, de montfort university (2013)",qa engineer at techcorp ltd (2015-2018): applied python and scikit-learn to deliver projects. | full stack developer at globaltech systems (2016-2017): applied tensorflow and sql to deliver projects. | machine learning engineer at innovatesoft (2016-2019): applied scikit-learn and machine learning to deliver projects.,"tableau desktop specialist, certified kubernetes administrator",Male,White,1,0.7429843,0.5773597,0.4098903,0.63371575,0.3647836,1.0,1
JOB001,R1661,"job title: data scientist company: techcorp ltd about the role: we are seeking a skilled data scientist to join our analytics team. you will work on cutting-edge machine learning projects to drive business decisions through data. responsibilities: - build and deploy machine learning models - perform statistical analysis on large datasets - collaborate with engineering and product teams - communicate findings to non-technical stakeholders requirements: skills - proficiency in python and sql - strong knowledge of machine learning algorithms - experience with scikit-learn, tensorflow or pytorch - data visualisation skills (matplotlib, seaborn, tableau) - strong statistics and mathematics background education - bsc or msc in computer science, data science, statistics or related field experience - 2+ years in a data science or analytics role - experience with end-to-end model development and deployment certifications - tensorflow developer certificate or equivalent is a plus","jordan kim email: r1661@email.com skills tensorflow, java, computer vision, a/b testing, machine learning, fastapi, sql, feature engineering, scikit-learn education bsc cybersecurity, university of leeds (2012) work experience data analyst at cloudbase ltd (2021-2023): applied fastapi and scikit-learn to deliver projects. certifications aws machine learning specialty, google cloud professional, tensorflow developer certificate","tensorflow, java, computer vision, a/b testing, machine learning, fastapi, sql, feature engineering, scikit-learn","bsc cybersecurity, university of leeds (2012)",data analyst at cloudbase ltd (2021-2023): applied fastapi and scikit-learn to deliver projects.,"aws machine learning specialty, google cloud professional, tensorflow developer certificate",Non-binary,White,1,0.73829174,0.5804333,0.37570083,0.55081606,0.6127564,2.0,1
JOB001,R1496,"job title: data scientist company: techcorp ltd about the role: we are seeking a skilled data scientist to join our analytics team. you will work on cutting-edge machine learning projects to drive business decisions through data. responsibilities: - build and deploy machine learning models - perform statistical analysis on large datasets - collaborate with engineering and product teams - communicate findings to non-technical stakeholders requirements: skills - proficiency in python and sql - strong knowledge of machine learning algorithms - experience with scikit-learn, tensorflow or pytorch - data visualisation skills (matplotlib, seaborn, tableau) - strong statistics and mathematics background education - bsc or msc in computer science, data science, statistics or related field experience - 2+ years in a data science or analytics role - experience with end-to-end model development and deployment certifications - tensorflow developer certificate or equivalent is a plus","lisa kim email: r1496@email.com skills machine learning, docker, scikit-learn, java, tensorflow, statistics, kafka, redis, python education bsc cybersecurity, london metropolitan university (2019) work experience junior developer at datasolutions uk (2022-2024): applied python and statistics to deliver projects. | backend developer at alphatech (2020-2021): applied machine learning and statistics to deliver projects. certifications google professional data engineer, agile scrum master, pmp project management","machine learning, docker, scikit-learn, java, tensorflow, statistics, kafka, redis, python","bsc cybersecurity, london metropolitan university (2019)",junior developer at datasolutions uk (2022-2024): applied python and statistics to deliver projects. | backend developer at alphatech (2020-2021): applied machine learning and statistics to deliver projects.,"google professional data engineer, agile scrum master, pmp project management",Female,White,1,0.7333455,0.50304055,0.3480668,0.6059927,0.46879894,3.0,1
JOB001,R0128,"job title: data scientist company: techcorp ltd about the role: we are seeking a skilled data scientist to join our analytics team. you will work on cutting-edge machine learning projects to drive business decisions through data. responsibilities: - build and deploy machine learning models - perform statistical analysis on large datasets - collaborate with engineering and product teams - communicate findings to non-technical stakeholders requirements: skills - proficiency in python and sql - strong knowledge of machine learning algorithms - experience with scikit-learn, tensorflow or pytorch - data visualisation skills (matplotlib, seaborn, tableau) - strong statistics and mathematics background education - bsc or msc in computer science, data science, statistics or related field experience - 2+ years in a data science or analytics role - experience with end-to-end model development and deployment certifications - tensorflow developer certificate or equivalent is a plus","jennifer perez email: r0128@email.com skills sql, statistics, data visualisation, tensorflow, agile, pandas, machine learning education bsc software engineering, university of leeds (2022) work experience systems analyst at innovatesoft (2022-2025): applied pandas and tensorflow to deliver projects. | data engineer at nexgen analytics (2017-2018): applied data visualisation and sql to deliver projects. | qa engineer at starline systems (2017-2019): applied machine learning and pandas to deliver projects. certifications none","sql, statistics, data visualisation, tensorflow, agile, pandas, machine learning","bsc software engineering, university of leeds (2022)",systems analyst at innovatesoft (2022-2025): applied pandas and tensorflow to deliver projects. | data engineer at nexgen analytics (2017-2018): applied data visualisation and sql to deliver projects. | qa engineer at starline systems (2017-2019): applied machine learning and pandas to deliver projects.,,Female,White,1,0.72883314,0.6037961,0.40741432,0.63095653,0.0749067,4.0,1
JOB001,R0859,"job title: data scientist company: techcorp ltd about the role: we are seeking a skilled data scientist to join our analytics team. you will work on cutting-edge machine learning projects to drive business decisions through data. responsibilities: - build and deploy machine learning models - perform statistical analysis on large datasets - collaborate with engineering and product teams - communicate findings to non-technical stakeholders requirements: skills - proficiency in python and sql - strong knowledge of machine learning algorithms - experience with scikit-learn, tensorflow or pytorch - data visualisation skills (matplotlib, seaborn, tableau) - strong statistics and mathematics background education - bsc or msc in computer science, data science, statistics or related field experience - 2+ years in a data science or analytics role - experience with end-to-end model development and deployment certifications - tensorflow developer certificate or equivalent is a plus","elijah johnson email: r0859@email.com skills git, data visualisation, django, tensorflow, feature engineering, kafka, python, scikit-learn, machine learning, sql, statistics, airflow education beng information technology, coventry university (2020) work experience qa engineer at quantum analytics (2016-2017): applied statistics and statistics to deliver projects. | software engineer at starline systems (2020-2023): applied scikit-learn and git to deliver projects. certifications aws machine learning specialty","git, data visualisation, django, tensorflow, feature engineering, kafka, python, scikit-learn, machine learning, sql, statistics, airflow","beng information technology, coventry university (2020)",qa engineer at quantum analytics (2016-2017): applied statistics and statistics to deliver projects. | software engineer at starline systems (2020-2023): applied scikit-learn and git to deliver projects.,aws machine learning specialty,Male,White,1,0.7048943,0.5645633,0.2696491,0.4766714,0.5588065,5.0,1
JOB001,R0750,"job title: data scientist company: techcorp ltd about the role: we are seeking a skilled data scientist to join our analytics team. you will work on cutting-edge machine learning projects to drive business decisions through data. responsibilities: - build and deploy machine learning models - perform statistical analysis on large datasets - collaborate with engineering and product teams - communicate findings to non-technical stakeholders requirements: skills - proficiency in python and sql - strong knowledge of machine learning algorithms - experience with scikit-learn, tensorflow or pytorch - data visualisation skills (matplotlib, seaborn, tableau) - strong statistics and mathematics background education - bsc or msc in computer science, data science, statistics or related field experience - 2+ years in a data science or analytics role - experience with end-to-end model development and deployment certifications - tensorflow developer certificate or equivalent is a plus","matthew nguyen email: r0750@email.com skills data visualisation, python, rest apis, sql, tensorflow, power bi, machine learning, scikit-learn, statistics education beng information technology, university of birmingham (2022) work experience junior developer at betaworks (2018-2021): applied data visualisation and python to deliver projects. | machine learning engineer at nexgen analytics (2015-2018): applied scikit-learn and tensorflow to deliver projects. certifications tableau desktop specialist","data visualisation, python, rest apis, sql, tensorflow, power bi, machine learning, scikit-learn, statistics","beng information technology, university of birmingham (2022)",junior developer at betaworks (2018-2021): applied data visualisation and python to deliver projects. | machine learning engineer at nexgen analytics (2015-2018): applied scikit-learn and tensorflow to deliver projects.,tableau desktop specialist,Male,White,1,0.7034484,0.58615446,0.33784503,0.60800433,0.32710892,6.0,1
JOB001,R1435,"job title: data scientist company: techcorp ltd about the role: we are seeking a skilled data scientist to join our analytics team. you will work on cutting-edge machine learning projects to drive business decisions through data. responsibilities: - build and deploy machine learning models - perform statistical analysis on large datasets - collaborate with engineering and product teams - communicate findings to non-technical stakeholders requirements: skills - proficiency in python and sql - strong knowledge of machine learning algorithms - experience with scikit-learn, tensorflow or pytorch - data visualisation skills (matplotlib, seaborn, tableau) - strong statistics and mathematics background education - bsc or msc in computer science, data science, statistics or related field experience - 2+ years in a data science or analytics role - experience with end-to-end model development and deployment certifications - tensorflow developer certificate or equivalent is a plus","jessica diallo email: r1435@email.com skills sql, statistics, scikit-learn, tensorflow, redshift, data visualisation, machine learning, python, hadoop education beng information technology, university of bristol (2016) work experience data analyst at datasolutions uk (2022-2025): applied redshift and python to deliver projects. | systems analyst at techcorp ltd (2020-2021): applied statistics and scikit-learn to deliver projects. certifications none","sql, statistics, scikit-learn, tensorflow, redshift, data visualisation, machine learning, python, hadoop","beng information technology, university of bristol (2016)",data analyst at datasolutions uk (2022-2025): applied redshift and python to deliver projects. | systems analyst at techcorp ltd (2020-2021): applied statistics and scikit-learn to deliver projects.,,Female,White,1,0.7034402,0.5881945,0.3441074,0.5635493,0.07490675,7.0,1
JOB001,R0171,"job title: data scientist company: techcorp ltd about the role: we are seeking a skilled data scientist to join our analytics team. you will work on cutting-edge machine learning projects to drive business decisions through data. responsibilities: - build and deploy machine learning models - perform statistical analysis on large datasets - collaborate with engineering and product teams - communicate findings to non-technical stakeholders requirements: skills - proficiency in python and sql - strong knowledge of machine learning algorithms - experience with scikit-learn, tensorflow or pytorch - data visualisation skills (matplotlib, seaborn, tableau) - strong statistics and mathematics background education - bsc or msc in computer science, data science, statistics or related field experience - 2+ years in a data science or analytics role - experience with end-to-end model development and deployment certifications - tensorflow developer certificate or equivalent is a plus","aisha rodriguez email: r0171@email.com skills ci/cd, data visualisation, ansible, machine learning, feature engineering, pandas, git, node.js education bsc statistics, london metropolitan university (2014) work experience devops engineer at alphatech (2018-2019): applied feature engineering and feature engineering to deliver projects. | junior developer at starline systems (2020-2023): applied machine learning and machine learning to deliver projects. certifications none","ci/cd, data visualisation, ansible, machine learning, feature engineering, pandas, git, node.js","bsc statistics, london metropolitan university (2014)",devops engineer at alphatech (2018-2019): applied feature engineering and feature engineering to deliver projects. | junior developer at starline systems (2020-2023): applied machine learning and machine learning to deliver projects.,,Female,White,0,0.702509,0.52986705,0.2920082,0.5648272,0.07490675,8.0,1
JOB001,R0324,"job title: data scientist company: techcorp ltd about the role: we are seeking a skilled data scientist to join our analytics team. you will work on cutting-edge machine learning projects to drive business decisions through data. responsibilities: - build and deploy machine learning models - perform statistical analysis on large datasets - collaborate with engineering and product teams - communicate findings to non-technical stakeholders requirements: skills - proficiency in python and sql - strong knowledge of machine learning algorithms - experience with scikit-learn, tensorflow or pytorch - data visualisation skills (matplotlib, seaborn, tableau) - strong statistics and mathematics background education - bsc or msc in computer science, data science, statistics or related field experience - 2+ years in a data science or analytics role - experience with end-to-end model development and deployment certifications - tensorflow developer certificate or equivalent is a plus","ava brown email: r0324@email.com skills python, feature engineering, machine learning, tensorflow, hadoop, git, scikit-learn, sql, data visualisation, statistics education bsc software engineering, university of leeds (2013) work experience devops engineer at prismdata ltd (2016-2018): applied python and scikit-learn to deliver projects. certifications databricks certified associate, tensorflow developer certificate, microsoft azure fundamentals","python, feature engineering, machine learning, tensorflow, hadoop, git, scikit-learn, sql, data visualisation, statistics","bsc software engineering, university of leeds (2013)",devops engineer at prismdata ltd (2016-2018): applied python and scikit-learn to deliver projects.,"databricks certified associate, tensorflow developer certificate, microsoft azure fundamentals",Female,White,1,0.69995046,0.6122421,0.37274334,0.501898,0.5359361,9.0,1
JOB001,R0655,"job title: data scientist company: techcorp ltd about the role: we are seeking a skilled data scientist to join our analytics team. you will work on cutting-edge machine learning projects to drive business decisions through data. responsibilities: - build and deploy machine learning models - perform statistical analysis on large datasets - collaborate with engineering and product teams - communicate findings to non-technical stakeholders requirements: skills - proficiency in python and sql - strong knowledge of machine learning algorithms - experience with scikit-learn, tensorflow or pytorch - data visualisation skills (matplotlib, seaborn, tableau) - strong statistics and mathematics background education - bsc or msc in computer science, data science, statistics or related field experience - 2+ years in a data science or analytics role - experience with end-to-end model development and deployment certifications - tensorflow developer certificate or equivalent is a plus","lisa garcia email: r0655@email.com skills computer vision, sql, python, node.js, system design, scikit-learn, machine learning education bsc data science, university of birmingham (2023) work experience software engineer at alphatech (2018-2019): applied machine learning and sql to deliver projects. | data analyst at prismdata ltd (2015-2017): applied system design and machine learning to deliver projects. certifications aws certified developer, microsoft azure fundamentals","computer vision, sql, python, node.js, system design, scikit-learn, machine learning","bsc data science, university of birmingham (2023)",software engineer at alphatech (2018-2019): applied machine learning and sql to deliver projects. | data analyst at prismdata ltd (2015-2017): applied system design and machine learning to deliver projects.,"aws certified developer, microsoft azure fundamentals",Female,White,1,0.6999048,0.53361344,0.5385761,0.5833646,0.40124047,10.0,1
JOB001,R1072,"job title: data scientist company: techcorp ltd about the role: we are seeking a skilled data scientist to join our analytics team. you will work on cutting-edge machine learning projects to drive business decisions through data. responsibilities: - build and deploy machine learning models - perform statistical analysis on large datasets - collaborate with engineering and product teams - communicate findings to non-technical stakeholders requirements: skills - proficiency in python and sql - strong knowledge of machine learning algorithms - experience with scikit-learn, tensorflow or pytorch - data visualisation skills (matplotlib, seaborn, tableau) - strong statistics and mathematics background education - bsc or msc in computer science, data science, statistics or related field experience - 2+ years in a data science or analytics role - experience with end-to-end model development and deployment certifications - tensorflow developer certificate or equivalent is a plus","marcus thomas email: r1072@email.com skills tableau, jenkins, data visualisation, redshift, python, a/b testing, sql, fastapi, java, statistics education bsc software engineering, northumbria university (2010) work experience machine learning engineer at cloudbase ltd (2016-2017): applied statistics and data visualisation to deliver projects. certifications databricks certified associate, tensorflow developer certificate, microsoft azure fundamentals","tableau, jenkins, data visualisation, redshift, python, a/b testing, sql, fastapi, java, statistics","bsc software engineering, northumbria university (2010)",machine learning engineer at cloudbase ltd (2016-2017): applied statistics and data visualisation to deliver projects.,"databricks certified associate, tensorflow developer certificate, microsoft azure fundamentals",Male,White,1,0.6970134,0.4281501,0.3481648,0.5447668,0.5359361,11.0,0
JOB001,R1359,"job title: data scientist company: techcorp ltd about the role: we are seeking a skilled data scientist to join our analytics team. you will work on cutting-edge machine learning projects to drive business decisions through data. responsibilities: - build and deploy machine learning models - perform statistical analysis on large datasets - collaborate with engineering and product teams - communicate findings to non-technical stakeholders requirements: skills - proficiency in python and sql - strong knowledge of machine learning algorithms - experience with scikit-learn, tensorflow or pytorch - data visualisation skills (matplotlib, seaborn, tableau) - strong statistics and mathematics background education - bsc or msc in computer science, data science, statistics or related field experience - 2+ years in a data science or analytics role - experience with end-to-end model development and deployment certifications - tensorflow developer certificate or equivalent is a plus","sophia thompson email: r1359@email.com skills data visualisation, deep learning, django, sql, git education bsc mathematics, king's college london (2020) work experience machine learning engineer at nexgen analytics (2019-2020): applied deep learning and sql to deliver projects. certifications none","data visualisation, deep learning, django, sql, git","bsc mathematics, king's college london (2020)",machine learning engineer at nexgen analytics (2019-2020): applied deep learning and sql to deliver projects.,,Female,White,0,0.69681543,0.41665697,0.31025222,0.4981865,0.0749067,12.0,0
JOB001,R1438,"job title: data scientist company: techcorp ltd about the role: we are seeking a skilled data scientist to join our analytics team. you will work on cutting-edge machine learning projects to drive business decisions through data. responsibilities: - build and deploy machine learning models - perform statistical analysis on large datasets - collaborate with engineering and product teams - communicate findings to non-technical stakeholders requirements: skills - proficiency in python and sql - strong knowledge of machine learning algorithms - experience with scikit-learn, tensorflow or pytorch - data visualisation skills (matplotlib, seaborn, tableau) - strong statistics and mathematics background education - bsc or msc in computer science, data science, statistics or related field experience - 2+ years in a data science or analytics role - experience with end-to-end model development and deployment certifications - tensorflow developer certificate or equivalent is a plus","elijah li email: r1438@email.com skills sql, scikit-learn, kafka, airflow, model deployment, tensorflow, python education bsc computer science, london metropolitan university (2013) work experience full stack developer at cloudbase ltd (2017-2020): applied python and model deployment to deliver projects. | machine learning engineer at innovatesoft (2016-2017): applied scikit-learn and model deployment to deliver projects. | systems analyst at prismdata ltd (2022-2025): applied scikit-learn and python to deliver projects. certifications certified kubernetes administrator, oracle certified java programmer","sql, scikit-learn, kafka, airflow, model deployment, tensorflow, python","bsc computer science, london metropolitan university (2013)",full stack developer at cloudbase ltd (2017-2020): applied python and model deployment to deliver projects. | machine learning engineer at innovatesoft (2016-2017): applied scikit-learn and model deployment to deliver projects. | systems analyst at prismdata ltd (2022-2025): applied scikit-learn and python to deliver projects.,"certified kubernetes administrator, oracle certified java programmer",Male,White,1,0.69202006,0.4803877,0.4290519,0.5825315,0.36376387,13.0,0
JOB001,R0053,"job title: data scientist company: techcorp ltd about the role: we are seeking a skilled data scientist to join our analytics team. you will work on cutting-edge machine learning projects to drive business decisions through data. responsibilities: - build and deploy machine learning models - perform statistical analysis on large datasets - collaborate with engineering and product teams - communicate findings to non-technical stakeholders requirements: skills - proficiency in python and sql - strong knowledge of machine learning algorithms - experience with scikit-learn, tensorflow or pytorch - data visualisation skills (matplotlib, seaborn, tableau) - strong statistics and mathematics background education - bsc or msc in computer science, data science, statistics or related field experience - 2+ years in a data science or analytics role - experience with end-to-end model development and deployment certifications - tensorflow developer certificate or equivalent is a plus","john mensah email: r0053@email.com skills model deployment, terraform, tensorflow, sql, statistics, python education beng information technology, city university of london (2012) work experience software engineer at cloudbase ltd (2016-2017): applied python and tensorflow to deliver projects. | full stack developer at prismdata ltd (2020-2021): applied statistics and python to deliver projects. | machine learning engineer at prismdata ltd (2016-2017): applied statistics and model deployment to deliver projects. certifications google professional data engineer","model deployment, terraform, tensorflow, sql, statistics, python","beng information technology, city university of london (2012)",software engineer at cloudbase ltd (2016-2017): applied python and tensorflow to deliver projects. | full stack developer at prismdata ltd (2020-2021): applied statistics and python to deliver projects. | machine learning engineer at prismdata ltd (2016-2017): applied statistics and model deployment to deliver projects.,google professional data engineer,Male,Hispanic,1,0.6841465,0.4247707,0.29745018,0.6405798,0.58532643,14.0,0
JOB001,R1707,"job title: data scientist company: techcorp ltd about the role: we are seeking a skilled data scientist to join our analytics team. you will work on cutting-edge machine learning projects to drive business decisions through data. responsibilities: - build and deploy machine learning models - perform statistical analysis on large datasets - collaborate with engineering and product teams - communicate findings to non-technical stakeholders requirements: skills - proficiency in python and sql - strong knowledge of machine learning algorithms - experience with scikit-learn, tensorflow or pytorch - data visualisation skills (matplotlib, seaborn, tableau) - strong statistics and mathematics background education - bsc or msc in computer science, data science, statistics or related field experience - 2+ years in a data science or analytics role - experience with end-to-end model development and deployment certifications - tensorflow developer certificate or equivalent is a plus","karen lopez email: r1707@email.com skills tensorflow, dbt, pytorch, machine learning, rest apis, data visualisation, model deployment, statistics, elasticsearch education bsc mathematics, university of warwick (2012) work experience devops engineer at alphatech (2019-2020): applied tensorflow and statistics to deliver projects. | devops engineer at globaltech systems (2017-2018): applied dbt and statistics to deliver projects. certifications comptia security+, pmp project management, aws certified developer","tensorflow, dbt, pytorch, machine learning, rest apis, data visualisation, model deployment, statistics, elasticsearch","bsc mathematics, university of warwick (2012)",devops engineer at alphatech (2019-2020): applied tensorflow and statistics to deliver projects. | devops engineer at globaltech systems (2017-2018): applied dbt and statistics to deliver projects.,"comptia security+, pmp project management, aws certified developer",Female,White,1,0.6752874,0.5044075,0.32360858,0.5774511,0.36205274,15.0,0
JOB001,R0399,"job title: data scientist company: techcorp ltd about the role: we are seeking a skilled data scientist to join our analytics team. you will work on cutting-edge machine learning projects to drive business decisions through data. responsibilities: - build and deploy machine learning models - perform statistical analysis on large datasets - collaborate with engineering and product teams - communicate findings to non-technical stakeholders requirements: skills - proficiency in python and sql - strong knowledge of machine learning algorithms - experience with scikit-learn, tensorflow or pytorch - data visualisation skills (matplotlib, seaborn, tableau) - strong statistics and mathematics background education - bsc or msc in computer science, data science, statistics or related field experience - 2+ years in a data science or analytics role - experience with end-to-end model development and deployment certifications - tensorflow developer certificate or equivalent is a plus","isabella garcia email: r0399@email.com skills typescript, hadoop, statistics, power bi, python, django, feature engineering education msc artificial intelligence, northumbria university (2017) work experience systems analyst at globaltech systems (2017-2018): applied django and hadoop to deliver projects. | software engineer at techcorp ltd (2021-2022): applied statistics and python to deliver projects. certifications tableau desktop specialist, tensorflow developer certificate","typescript, hadoop, statistics, power bi, python, django, feature engineering","msc artificial intelligence, northumbria university (2017)",systems analyst at globaltech systems (2017-2018): applied django and hadoop to deliver projects. | software engineer at techcorp ltd (2021-2022): applied statistics and python to deliver projects.,"tableau desktop specialist, tensorflow developer certificate",Female,White,0,0.66896856,0.42404398,0.2658949,0.5418856,0.46244836,16.0,0
JOB001,R1037,"job title: data scientist company: techcorp ltd about the role: we are seeking a skilled data scientist to join our analytics team. you will work on cutting-edge machine learning projects to drive business decisions through data. responsibilities: - build and deploy machine learning models - perform statistical analysis on large datasets - collaborate with engineering and product teams - communicate findings to non-technical stakeholders requirements: skills - proficiency in python and sql - strong knowledge of machine learning algorithms - experience with scikit-learn, tensorflow or pytorch - data visualisation skills (matplotlib, seaborn, tableau) - strong statistics and mathematics background education - bsc or msc in computer science, data science, statistics or related field experience - 2+ years in a data science or analytics role - experience with end-to-end model development and deployment certifications - tensorflow developer certificate or equivalent is a plus","raj adeyemi email: r1037@email.com skills java, mongodb, machine learning, elasticsearch, bigquery, statistics, big data, linux education bsc cybersecurity, university of manchester (2013) work experience systems analyst at vertex solutions (2021-2022): applied bigquery and big data to deliver projects. | qa engineer at nexgen analytics (2019-2021): applied machine learning and linux to deliver projects. | data engineer at globaltech systems (2018-2020): applied big data and statistics to deliver projects. certifications google professional data engineer","java, mongodb, machine learning, elasticsearch, bigquery, statistics, big data, linux","bsc cybersecurity, university of manchester (2013)",systems analyst at vertex solutions (2021-2022): applied bigquery and big data to deliver projects. | qa engineer at nexgen analytics (2019-2021): applied machine learning and linux to deliver projects. | data engineer at globaltech systems (2018-2020): applied big data and statistics to deliver projects.,google professional data engineer,Male,White,0,0.6672363,0.37988245,0.34558165,0.52088225,0.58532643,17.0,0
JOB001,R1473,"job title: data scientist company: techcorp ltd about the role: we are seeking a skilled data scientist to join our analytics team. you will work on cutting-edge machine learning projects to drive business decisions through data. responsibilities: - build and deploy machine learning models - perform statistical analysis on large datasets - collaborate with engineering and product teams - communicate findings to non-technical stakeholders requirements: skills - proficiency in python and sql - strong knowledge of machine learning algorithms - experience with scikit-learn, tensorflow or pytorch - data visualisation skills (matplotlib, seaborn, tableau) - strong statistics and mathematics background education - bsc or msc in computer science, data science, statistics or related field experience - 2+ years in a data science or analytics role - experience with end-to-end model development and deployment certifications - tensorflow developer certificate or equivalent is a plus","olivia anderson email: r1473@email.com skills github actions, sql, machine learning, python, scikit-learn, agile, tensorflow, data visualisation, statistics education bsc computer science, university of sheffield (2024) work experience qa engineer at gamma digital (2015-2016): applied agile and scikit-learn to deliver projects. certifications aws certified developer, aws machine learning specialty","github actions, sql, machine learning, python, scikit-learn, agile, tensorflow, data visualisation, statistics","bsc computer science, university of sheffield (2024)",qa engineer at gamma digital (2015-2016): applied agile and scikit-learn to deliver projects.,"aws certified developer, aws machine learning specialty",Female,White,1,0.6550518,0.51279134,0.47213805,0.43169263,0.665034,18.0,0
JOB001,R1302,"job title: data scientist company: techcorp ltd about the role: we are seeking a skilled data scientist to join our analytics team. you will work on cutting-edge machine learning projects to drive business decisions through data. responsibilities: - build and deploy machine learning models - perform statistical analysis on large datasets - collaborate with engineering and product teams - communicate findings to non-technical stakeholders requirements: skills - proficiency in python and sql - strong knowledge of machine learning algorithms - experience with scikit-learn, tensorflow or pytorch - data visualisation skills (matplotlib, seaborn, tableau) - strong statistics and mathematics background education - bsc or msc in computer science, data science, statistics or related field experience - 2+ years in a data science or analytics role - experience with end-to-end model development and deployment certifications - tensorflow developer certificate or equivalent is a plus","mei perez email: r1302@email.com skills hadoop, deep learning, tensorflow, elasticsearch, kafka, pytorch education bsc mathematics, university of sheffield (2017) work experience devops engineer at gamma digital (2019-2022): applied elasticsearch and deep learning to deliver projects. | devops engineer at datasolutions uk (2022-2023): applied kafka and elasticsearch to deliver projects. | systems analyst at innovatesoft (2021-2024): applied elasticsearch and pytorch to deliver projects. certifications google cloud professional, tensorflow developer certificate, certified kubernetes administrator","hadoop, deep learning, tensorflow, elasticsearch, kafka, pytorch","bsc mathematics, university of sheffield (2017)",devops engineer at gamma digital (2019-2022): applied elasticsearch and deep learning to deliver projects. | devops engineer at datasolutions uk (2022-2023): applied kafka and elasticsearch to deliver projects. | systems analyst at innovatesoft (2021-2024): applied elasticsearch and pytorch to deliver projects.,"google cloud professional, tensorflow developer certificate, certified kubernetes administrator",Female,White,0,0.6541489,0.4228653,0.31401646,0.54812235,0.48608214,19.0,0
JOB001,R1160,"job title: data scientist company: techcorp ltd about the role: we are seeking a skilled data scientist to join our analytics team. you will work on cutting-edge machine learning projects to drive business decisions through data. responsibilities: - build and deploy machine learning models - perform statistical analysis on large datasets - collaborate with engineering and product teams - communicate findings to non-technical stakeholders requirements: skills - proficiency in python and sql - strong knowledge of machine learning algorithms - experience with scikit-learn, tensorflow or pytorch - data visualisation skills (matplotlib, seaborn, tableau) - strong statistics and mathematics background education - bsc or msc in computer science, data science, statistics or related field experience - 2+ years in a data science or analytics role - experience with end-to-end model development and deployment certifications - tensorflow developer certificate or equivalent is a plus","kevin williams email: r1160@email.com skills statistics, elasticsearch, tableau, agile, node.js, feature engineering, microservices, data visualisation, machine learning, python education bsc mathematics, king's college london (2022) work experience software engineer at byteforge (2017-2020): applied node.js and data visualisation to deliver projects. certifications pmp project management, databricks certified associate","statistics, elasticsearch, tableau, agile, node.js, feature engineering, microservices, data visualisation, machine learning, python","bsc mathematics, king's college london (2022)",software engineer at byteforge (2017-2020): applied node.js and data visualisation to deliver projects.,"pmp project management, databricks certified associate",Male,Other,1,0.65130246,0.5303607,0.3098366,0.37669644,0.4507596,20.0,0
JOB001,R1589,"job title: data scientist company: techcorp ltd about the role: we are seeking a skilled data scientist to join our analytics team. you will work on cutting-edge machine learning projects to drive business decisions through data. responsibilities: - build and deploy machine learning models - perform statistical analysis on large datasets - collaborate with engineering and product teams - communicate findings to non-technical stakeholders requirements: skills - proficiency in python and sql - strong knowledge of machine learning algorithms - experience with scikit-learn, tensorflow or pytorch - data visualisation skills (matplotlib, seaborn, tableau) - strong statistics and mathematics background education - bsc or msc in computer science, data science, statistics or related field experience - 2+ years in a data science or analytics role - experience with end-to-end model development and deployment certifications - tensorflow developer certificate or equivalent is a plus","noah johnson email: r1589@email.com skills kubernetes, tensorflow, dbt, data visualisation, machine learning, etl, statistics, power bi, sql, unit testing, jenkins education bsc cybersecurity, king's college london (2019) work experience devops engineer at betaworks (2020-2021): applied dbt and tensorflow to deliver projects. | software engineer at starline systems (2016-2019): applied data visualisation and data visualisation to deliver projects. | data engineer at gamma digital (2018-2019): applied unit testing and kubernetes to deliver projects. certifications aws certified developer, certified ethical hacker","kubernetes, tensorflow, dbt, data visualisation, machine learning, etl, statistics, power bi, sql, unit testing, jenkins","bsc cybersecurity, king's college london (2019)",devops engineer at betaworks (2020-2021): applied dbt and tensorflow to deliver projects. | software engineer at starline systems (2016-2019): applied data visualisation and data visualisation to deliver projects. | data engineer at gamma digital (2018-2019): applied unit testing and kubernetes to deliver projects.,"aws certified developer, certified ethical hacker",Male,White,1,0.65123045,0.5495373,0.38796586,0.5538299,0.3949769,21.0,0
JOB001,R1483,"job title: data scientist company: techcorp ltd about the role: we are seeking a skilled data scientist to join our analytics team. you will work on cutting-edge machine learning projects to drive business decisions through data. responsibilities: - build and deploy machine learning models - perform statistical analysis on large datasets - collaborate with engineering and product teams - communicate findings to non-technical stakeholders requirements: skills - proficiency in python and sql - strong knowledge of machine learning algorithms - experience with scikit-learn, tensorflow or pytorch - data visualisation skills (matplotlib, seaborn, tableau) - strong statistics and mathematics background education - bsc or msc in computer science, data science, statistics or related field experience - 2+ years in a data science or analytics role - experience with end-to-end model development and deployment certifications - tensorflow developer certificate or equivalent is a plus","kwame osei email: r1483@email.com skills model deployment, scikit-learn, power bi, mongodb, tensorflow, azure education bsc cybersecurity, university of warwick (2022) work experience data analyst at globaltech systems (2019-2020): applied model deployment and model deployment to deliver projects. | junior developer at byteforge (2018-2019): applied scikit-learn and azure to deliver projects. | software engineer at byteforge (2022-2023): applied tensorflow and power bi to deliver projects. certifications databricks certified associate, tableau desktop specialist, agile scrum master","model deployment, scikit-learn, power bi, mongodb, tensorflow, azure","bsc cybersecurity, university of warwick (2022)",data analyst at globaltech systems (2019-2020): applied model deployment and model deployment to deliver projects. | junior developer at byteforge (2018-2019): applied scikit-learn and azure to deliver projects. | software engineer at byteforge (2022-2023): applied tensorflow and power bi to deliver projects.,"databricks certified associate, tableau desktop specialist, agile scrum master",Male,White,0,0.6509422,0.41739395,0.40908638,0.5923289,0.5103432,22.0,0
JOB001,R0956,"job title: data scientist company: techcorp ltd about the role: we are seeking a skilled data scientist to join our analytics team. you will work on cutting-edge machine learning projects to drive business decisions through data. responsibilities: - build and deploy machine learning models - perform statistical analysis on large datasets - collaborate with engineering and product teams - communicate findings to non-technical stakeholders requirements: skills - proficiency in python and sql - strong knowledge of machine learning algorithms - experience with scikit-learn, tensorflow or pytorch - data visualisation skills (matplotlib, seaborn, tableau) - strong statistics and mathematics background education - bsc or msc in computer science, data science, statistics or related field experience - 2+ years in a data science or analytics role - experience with end-to-end model development and deployment certifications - tensorflow developer certificate or equivalent is a plus","fatima miller email: r0956@email.com skills statistics, airflow, python, pytorch, system design, data visualisation, deep learning, sql education bsc software engineering, university of hertfordshire (2010) work experience devops engineer at innovatesoft (2022-2024): applied pytorch and data visualisation to deliver projects. | data engineer at nexgen analytics (2017-2018): applied statistics and airflow to deliver projects. certifications none","statistics, airflow, python, pytorch, system design, data visualisation, deep learning, sql","bsc software engineering, university of hertfordshire (2010)",devops engineer at innovatesoft (2022-2024): applied pytorch and data visualisation to deliver projects. | data engineer at nexgen analytics (2017-2018): applied statistics and airflow to deliver projects.,,Female,Asian,1,0.6504182,0.52773094,0.35484675,0.5248319,0.0749067,23.0,0
JOB001,R1436,"job title: data scientist company: techcorp ltd about the role: we are seeking a skilled data scientist to join our analytics team. you will work on cutting-edge machine learning projects to drive business decisions through data. responsibilities: - build and deploy machine learning models - perform statistical analysis on large datasets - collaborate with engineering and product teams - communicate findings to non-technical stakeholders requirements: skills - proficiency in python and sql - strong knowledge of machine learning algorithms - experience with scikit-learn, tensorflow or pytorch - data visualisation skills (matplotlib, seaborn, tableau) - strong statistics and mathematics background education - bsc or msc in computer science, data science, statistics or related field experience - 2+ years in a data science or analytics role - experience with end-to-end model development and deployment certifications - tensorflow developer certificate or equivalent is a plus","isabella diallo email: r1436@email.com skills sql, numpy, linux, ansible, git, scikit-learn, statistics, redshift, tensorflow, python education bsc mathematics, london metropolitan university (2024) work experience devops engineer at vertex solutions (2020-2023): applied tensorflow and statistics to deliver projects. | backend developer at starline systems (2022-2024): applied sql and numpy to deliver projects. certifications aws solutions architect","sql, numpy, linux, ansible, git, scikit-learn, statistics, redshift, tensorflow, python","bsc mathematics, london metropolitan university (2024)",devops engineer at vertex solutions (2020-2023): applied tensorflow and statistics to deliver projects. | backend developer at starline systems (2022-2024): applied sql and numpy to deliver projects.,aws solutions architect,Female,White,1,0.6485243,0.45589837,0.27651983,0.5178544,0.28994888,24.0,0
JOB001,R1258,"job title: data scientist company: techcorp ltd about the role: we are seeking a skilled data scientist to join our analytics team. you will work on cutting-edge machine learning projects to drive business decisions through data. responsibilities: - build and deploy machine learning models - perform statistical analysis on large datasets - collaborate with engineering and product teams - communicate findings to non-technical stakeholders requirements: skills - proficiency in python and sql - strong knowledge of machine learning algorithms - experience with scikit-learn, tensorflow or pytorch - data visualisation skills (matplotlib, seaborn, tableau) - strong statistics and mathematics background education - bsc or msc in computer science, data science, statistics or related field experience - 2+ years in a data science or analytics role - experience with end-to-end model development and deployment certifications - tensorflow developer certificate or equivalent is a plus","emma patel email: r1258@email.com skills sql, python, nlp, scikit-learn, microservices, unit testing, bash, tensorflow, machine learning education beng information technology, city university of london (2023) work experience devops engineer at starline systems (2015-2017): applied nlp and unit testing to deliver projects. | qa engineer at betaworks (2022-2025): applied scikit-learn and bash to deliver projects. | qa engineer at techcorp ltd (2015-2017): applied unit testing and machine learning to deliver projects. certifications databricks certified associate","sql, python, nlp, scikit-learn, microservices, unit testing, bash, tensorflow, machine learning","beng information technology, city university of london (2023)",devops engineer at starline systems (2015-2017): applied nlp and unit testing to deliver projects. | qa engineer at betaworks (2022-2025): applied scikit-learn and bash to deliver projects. | qa engineer at techcorp ltd (2015-2017): applied unit testing and machine learning to deliver projects.,databricks certified associate,Female,White,1,0.64638215,0.5171356,0.3288287,0.5030679,0.50058115,25.0,0
JOB001,R1213,"job title: data scientist company: techcorp ltd about the role: we are seeking a skilled data scientist to join our analytics team. you will work on cutting-edge machine learning projects to drive business decisions through data. responsibilities: - build and deploy machine learning models - perform statistical analysis on large datasets - collaborate with engineering and product teams - communicate findings to non-technical stakeholders requirements: skills - proficiency in python and sql - strong knowledge of machine learning algorithms - experience with scikit-learn, tensorflow or pytorch - data visualisation skills (matplotlib, seaborn, tableau) - strong statistics and mathematics background education - bsc or msc in computer science, data science, statistics or related field experience - 2+ years in a data science or analytics role - experience with end-to-end model development and deployment certifications - tensorflow developer certificate or equivalent is a plus","susan williams email: r1213@email.com skills feature engineering, scikit-learn, sql, bigquery, github actions, redis education bsc data science, london metropolitan university (2015) work experience data analyst at alphatech (2015-2018): applied scikit-learn and bigquery to deliver projects. | software engineer at datasolutions uk (2015-2016): applied sql and bigquery to deliver projects. certifications none","feature engineering, scikit-learn, sql, bigquery, github actions, redis","bsc data science, london metropolitan university (2015)",data analyst at alphatech (2015-2018): applied scikit-learn and bigquery to deliver projects. | software engineer at datasolutions uk (2015-2016): applied sql and bigquery to deliver projects.,,Female,White,0,0.6428086,0.42300493,0.4825028,0.5498283,0.0749067,26.0,0
JOB001,R1266,"job title: data scientist company: techcorp ltd about the role: we are seeking a skilled data scientist to join our analytics team. you will work on cutting-edge machine learning projects to drive business decisions through data. responsibilities: - build and deploy machine learning models - perform statistical analysis on large datasets - collaborate with engineering and product teams - communicate findings to non-technical stakeholders requirements: skills - proficiency in python and sql - strong knowledge of machine learning algorithms - experience with scikit-learn, tensorflow or pytorch - data visualisation skills (matplotlib, seaborn, tableau) - strong statistics and mathematics background education - bsc or msc in computer science, data science, statistics or related field experience - 2+ years in a data science or analytics role - experience with end-to-end model development and deployment certifications - tensorflow developer certificate or equivalent is a plus","sarah wilson email: r1266@email.com skills tensorflow, sql, unit testing, python, scikit-learn, ci/cd education msc artificial intelligence, university of manchester (2011) work experience data analyst at cloudbase ltd (2022-2023): applied python and tensorflow to deliver projects. | data engineer at vertex solutions (2016-2017): applied scikit-learn and unit testing to deliver projects. certifications google cloud professional","tensorflow, sql, unit testing, python, scikit-learn, ci/cd","msc artificial intelligence, university of manchester (2011)",data analyst at cloudbase ltd (2022-2023): applied python and tensorflow to deliver projects. | data engineer at vertex solutions (2016-2017): applied scikit-learn and unit testing to deliver projects.,google cloud professional,Female,White,1,0.6389493,0.49178714,0.24808703,0.58936787,0.34725067,27.0,0
JOB001,R0421,"job title: data scientist company: techcorp ltd about the role: we are seeking a skilled data scientist to join our analytics team. you will work on cutting-edge machine learning projects to drive business decisions through data. responsibilities: - build and deploy machine learning models - perform statistical analysis on large datasets - collaborate with engineering and product teams - communicate findings to non-technical stakeholders requirements: skills - proficiency in python and sql - strong knowledge of machine learning algorithms - experience with scikit-learn, tensorflow or pytorch - data visualisation skills (matplotlib, seaborn, tableau) - strong statistics and mathematics background education - bsc or msc in computer science, data science, statistics or related field experience - 2+ years in a data science or analytics role - experience with end-to-end model development and deployment certifications - tensorflow developer certificate or equivalent is a plus","wei miller email: r0421@email.com skills tensorflow, r, kubernetes, statistics, javascript education msc artificial intelligence, university of greenwich (2012) work experience machine learning engineer at innovatesoft (2018-2021): applied statistics and r to deliver projects. | machine learning engineer at vertex solutions (2018-2021): applied tensorflow and r to deliver projects. certifications none","tensorflow, r, kubernetes, statistics, javascript","msc artificial intelligence, university of greenwich (2012)",machine learning engineer at innovatesoft (2018-2021): applied statistics and r to deliver projects. | machine learning engineer at vertex solutions (2018-2021): applied tensorflow and r to deliver projects.,,Male,White,0,0.6367862,0.38476574,0.28801778,0.6112515,0.07490675,28.0,0
JOB001,R0203,"job title: data scientist company: techcorp ltd about the role: we are seeking a skilled data scientist to join our analytics team. you will work on cutting-edge machine learning projects to drive business decisions through data. responsibilities: - build and deploy machine learning models - perform statistical analysis on large datasets - collaborate with engineering and product teams - communicate findings to non-technical stakeholders requirements: skills - proficiency in python and sql - strong knowledge of machine learning algorithms - experience with scikit-learn, tensorflow or pytorch - data visualisation skills (matplotlib, seaborn, tableau) - strong statistics and mathematics background education - bsc or msc in computer science, data science, statistics or related field experience - 2+ years in a data science or analytics role - experience with end-to-end model development and deployment certifications - tensorflow developer certificate or equivalent is a plus","jessica zhang email: r0203@email.com skills machine learning, rest apis, python, react, deep learning, postgresql, data visualisation, mongodb, scikit-learn, sql, elasticsearch education bsc mathematics, university of bristol (2017) work experience data analyst at datasolutions uk (2019-2022): applied elasticsearch and rest apis to deliver projects. | junior developer at cloudbase ltd (2018-2021): applied rest apis and postgresql to deliver projects. certifications pmp project management","machine learning, rest apis, python, react, deep learning, postgresql, data visualisation, mongodb, scikit-learn, sql, elasticsearch","bsc mathematics, university of bristol (2017)",data analyst at datasolutions uk (2019-2022): applied elasticsearch and rest apis to deliver projects. | junior developer at cloudbase ltd (2018-2021): applied rest apis and postgresql to deliver projects.,pmp project management,Female,White,1,0.6355691,0.5183401,0.34012222,0.4628694,0.19822568,29.0,0
JOB001,R1250,"job title: data scientist company: techcorp ltd about the role: we are seeking a skilled data scientist to join our analytics team. you will work on cutting-edge machine learning projects to drive business decisions through data. responsibilities: - build and deploy machine learning models - perform statistical analysis on large datasets - collaborate with engineering and product teams - communicate findings to non-technical stakeholders requirements: skills - proficiency in python and sql - strong knowledge of machine learning algorithms - experience with scikit-learn, tensorflow or pytorch - data visualisation skills (matplotlib, seaborn, tableau) - strong statistics and mathematics background education - bsc or msc in computer science, data science, statistics or related field experience - 2+ years in a data science or analytics role - experience with end-to-end model development and deployment certifications - tensorflow developer certificate or equivalent is a plus","jennifer moore email: r1250@email.com skills model deployment, deep learning, unit testing, data visualisation, rest apis, r, aws education beng information technology, university of leeds (2017) work experience systems analyst at prismdata ltd (2021-2024): applied r and data visualisation to deliver projects. | devops engineer at innovatesoft (2019-2022): applied deep learning and r to deliver projects. certifications aws certified developer","model deployment, deep learning, unit testing, data visualisation, rest apis, r, aws","beng information technology, university of leeds (2017)",systems analyst at prismdata ltd (2021-2024): applied r and data visualisation to deliver projects. | devops engineer at innovatesoft (2019-2022): applied deep learning and r to deliver projects.,aws certified developer,Female,Asian,0,0.63066804,0.42226127,0.30961987,0.4969727,0.43865252,30.0,0
JOB001,R1251,"job title: data scientist company: techcorp ltd about the role: we are seeking a skilled data scientist to join our analytics team. you will work on cutting-edge machine learning projects to drive business decisions through data. responsibilities: - build and deploy machine learning models - perform statistical analysis on large datasets - collaborate with engineering and product teams - communicate findings to non-technical stakeholders requirements: skills - proficiency in python and sql - strong knowledge of machine learning algorithms - experience with scikit-learn, tensorflow or pytorch - data visualisation skills (matplotlib, seaborn, tableau) - strong statistics and mathematics background education - bsc or msc in computer science, data science, statistics or related field experience - 2+ years in a data science or analytics role - experience with end-to-end model development and deployment certifications - tensorflow developer certificate or equivalent is a plus","patricia wang email: r1251@email.com skills statistics, python, mongodb, machine learning, elasticsearch, kafka, tensorflow, pandas, deep learning, javascript, sql education bsc computer science, university of leeds (2018) work experience qa engineer at gamma digital (2017-2019): applied tensorflow and elasticsearch to deliver projects. certifications none","statistics, python, mongodb, machine learning, elasticsearch, kafka, tensorflow, pandas, deep learning, javascript, sql","bsc computer science, university of leeds (2018)",qa engineer at gamma digital (2017-2019): applied tensorflow and elasticsearch to deliver projects.,,Female,White,1,0.6302676,0.49927658,0.427101,0.4263475,0.0749067,31.0,0
JOB001,R0983,"job title: data scientist company: techcorp ltd about the role: we are seeking a skilled data scientist to join our analytics team. you will work on cutting-edge machine learning projects to drive business decisions through data. responsibilities: - build and deploy machine learning models - perform statistical analysis on large datasets - collaborate with engineering and product teams - communicate findings to non-technical stakeholders requirements: skills - proficiency in python and sql - strong knowledge of machine learning algorithms - experience with scikit-learn, tensorflow or pytorch - data visualisation skills (matplotlib, seaborn, tableau) - strong statistics and mathematics background education - bsc or msc in computer science, data science, statistics or related field experience - 2+ years in a data science or analytics role - experience with end-to-end model development and deployment certifications - tensorflow developer certificate or equivalent is a plus","liam jackson email: r0983@email.com skills mongodb, sql, python, pandas, azure education bsc cybersecurity, university of edinburgh (2023) work experience data analyst at quantum analytics (2015-2017): applied mongodb and pandas to deliver projects. certifications none","mongodb, sql, python, pandas, azure","bsc cybersecurity, university of edinburgh (2023)",data analyst at quantum analytics (2015-2017): applied mongodb and pandas to deliver projects.,,Male,Asian,0,0.6302035,0.3116303,0.4031207,0.43557024,0.07490675,32.0,0
JOB001,R0619,"job title: data scientist company: techcorp ltd about the role: we are seeking a skilled data scientist to join our analytics team. you will work on cutting-edge machine learning projects to drive business decisions through data. responsibilities: - build and deploy machine learning models - perform statistical analysis on large datasets - collaborate with engineering and product teams - communicate findings to non-technical stakeholders requirements: skills - proficiency in python and sql - strong knowledge of machine learning algorithms - experience with scikit-learn, tensorflow or pytorch - data visualisation skills (matplotlib, seaborn, tableau) - strong statistics and mathematics background education - bsc or msc in computer science, data science, statistics or related field experience - 2+ years in a data science or analytics role - experience with end-to-end model development and deployment certifications - tensorflow developer certificate or equivalent is a plus","patricia wilson email: r0619@email.com skills tensorflow, jenkins, spark, sql, computer vision, scikit-learn, python, r education msc artificial intelligence, london metropolitan university (2018) work experience systems analyst at prismdata ltd (2021-2022): applied r and sql to deliver projects. certifications comptia security+, aws machine learning specialty","tensorflow, jenkins, spark, sql, computer vision, scikit-learn, python, r","msc artificial intelligence, london metropolitan university (2018)",systems analyst at prismdata ltd (2021-2022): applied r and sql to deliver projects.,"comptia security+, aws machine learning specialty",Female,White,1,0.6294333,0.5271879,0.28268036,0.385769,0.4753356,33.0,0
JOB001,R1452,"job title: data scientist company: techcorp ltd about the role: we are seeking a skilled data scientist to join our analytics team. you will work on cutting-edge machine learning projects to drive business decisions through data. responsibilities: - build and deploy machine learning models - perform statistical analysis on large datasets - collaborate with engineering and product teams - communicate findings to non-technical stakeholders requirements: skills - proficiency in python and sql - strong knowledge of machine learning algorithms - experience with scikit-learn, tensorflow or pytorch - data visualisation skills (matplotlib, seaborn, tableau) - strong statistics and mathematics background education - bsc or msc in computer science, data science, statistics or related field experience - 2+ years in a data science or analytics role - experience with end-to-end model development and deployment certifications - tensorflow developer certificate or equivalent is a plus","michael jackson email: r1452@email.com skills sql, gcp, bigquery, a/b testing, scikit-learn, computer vision education bsc cybersecurity, university of edinburgh (2012) work experience full stack developer at gamma digital (2015-2018): applied computer vision and scikit-learn to deliver projects. | backend developer at nexgen analytics (2016-2018): applied a/b testing and bigquery to deliver projects. | machine learning engineer at gamma digital (2022-2024): applied gcp and a/b testing to deliver projects. certifications oracle certified java programmer","sql, gcp, bigquery, a/b testing, scikit-learn, computer vision","bsc cybersecurity, university of edinburgh (2012)",full stack developer at gamma digital (2015-2018): applied computer vision and scikit-learn to deliver projects. | backend developer at nexgen analytics (2016-2018): applied a/b testing and bigquery to deliver projects. | machine learning engineer at gamma digital (2022-2024): applied gcp and a/b testing to deliver projects.,oracle certified java programmer,Male,White,0,0.62880516,0.47871998,0.37498388,0.56653005,0.291537,34.0,0
JOB001,R0088,"job title: data scientist company: techcorp ltd about the role: we are seeking a skilled data scientist to join our analytics team. you will work on cutting-edge machine learning projects to drive business decisions through data. responsibilities: - build and deploy machine learning models - perform statistical analysis on large datasets - collaborate with engineering and product teams - communicate findings to non-technical stakeholders requirements: skills - proficiency in python and sql - strong knowledge of machine learning algorithms - experience with scikit-learn, tensorflow or pytorch - data visualisation skills (matplotlib, seaborn, tableau) - strong statistics and mathematics background education - bsc or msc in computer science, data science, statistics or related field experience - 2+ years in a data science or analytics role - experience with end-to-end model development and deployment certifications - tensorflow developer certificate or equivalent is a plus","susan johnson email: r0088@email.com skills gcp, elasticsearch, sql, python, tensorflow, unit testing, agile, power bi, pytorch, data visualisation education msc artificial intelligence, university of manchester (2022) work experience data engineer at globaltech systems (2022-2023): applied pytorch and data visualisation to deliver projects. certifications tensorflow developer certificate, agile scrum master","gcp, elasticsearch, sql, python, tensorflow, unit testing, agile, power bi, pytorch, data visualisation","msc artificial intelligence, university of manchester (2022)",data engineer at globaltech systems (2022-2023): applied pytorch and data visualisation to deliver projects.,"tensorflow developer certificate, agile scrum master",Female,White,1,0.6277347,0.47484404,0.29586232,0.4702264,0.41432637,35.0,0
JOB001,R1259,"job title: data scientist company: techcorp ltd about the role: we are seeking a skilled data scientist to join our analytics team. you will work on cutting-edge machine learning projects to drive business decisions through data. responsibilities: - build and deploy machine learning models - perform statistical analysis on large datasets - collaborate with engineering and product teams - communicate findings to non-technical stakeholders requirements: skills - proficiency in python and sql - strong knowledge of machine learning algorithms - experience with scikit-learn, tensorflow or pytorch - data visualisation skills (matplotlib, seaborn, tableau) - strong statistics and mathematics background education - bsc or msc in computer science, data science, statistics or related field experience - 2+ years in a data science or analytics role - experience with end-to-end model development and deployment certifications - tensorflow developer certificate or equivalent is a plus","william hernandez email: r1259@email.com skills etl, feature engineering, machine learning education bsc software engineering, university of edinburgh (2015) work experience data analyst at betaworks (2022-2025): applied etl and etl to deliver projects. certifications aws machine learning specialty, google cloud professional","etl, feature engineering, machine learning","bsc software engineering, university of edinburgh (2015)",data analyst at betaworks (2022-2025): applied etl and etl to deliver projects.,"aws machine learning specialty, google cloud professional",Male,White,0,0.62409496,0.39908382,0.38215756,0.44157007,0.58273894,36.0,0
JOB001,R0514,"job title: data scientist company: techcorp ltd about the role: we are seeking a skilled data scientist to join our analytics team. you will work on cutting-edge machine learning projects to drive business decisions through data. responsibilities: - build and deploy machine learning models - perform statistical analysis on large datasets - collaborate with engineering and product teams - communicate findings to non-technical stakeholders requirements: skills - proficiency in python and sql - strong knowledge of machine learning algorithms - experience with scikit-learn, tensorflow or pytorch - data visualisation skills (matplotlib, seaborn, tableau) - strong statistics and mathematics background education - bsc or msc in computer science, data science, statistics or related field experience - 2+ years in a data science or analytics role - experience with end-to-end model development and deployment certifications - tensorflow developer certificate or equivalent is a plus","robert tanaka email: r0514@email.com skills feature engineering, tensorflow, postgresql, ansible, numpy education bsc statistics, university of manchester (2021) work experience backend developer at betaworks (2016-2019): applied tensorflow and tensorflow to deliver projects. | full stack developer at nexgen analytics (2018-2021): applied feature engineering and feature engineering to deliver projects. | devops engineer at prismdata ltd (2019-2020): applied tensorflow and tensorflow to deliver projects. certifications pmp project management, tableau desktop specialist","feature engineering, tensorflow, postgresql, ansible, numpy","bsc statistics, university of manchester (2021)",backend developer at betaworks (2016-2019): applied tensorflow and tensorflow to deliver projects. | full stack developer at nexgen analytics (2018-2021): applied feature engineering and feature engineering to deliver projects. | devops engineer at prismdata ltd (2019-2020): applied tensorflow and tensorflow to deliver projects.,"pmp project management, tableau desktop specialist",Male,White,0,0.62182486,0.44562903,0.29388762,0.50629413,0.33100566,37.0,0
JOB001,R0654,"job title: data scientist company: techcorp ltd about the role: we are seeking a skilled data scientist to join our analytics team. you will work on cutting-edge machine learning projects to drive business decisions through data. responsibilities: - build and deploy machine learning models - perform statistical analysis on large datasets - collaborate with engineering and product teams - communicate findings to non-technical stakeholders requirements: skills - proficiency in python and sql - strong knowledge of machine learning algorithms - experience with scikit-learn, tensorflow or pytorch - data visualisation skills (matplotlib, seaborn, tableau) - strong statistics and mathematics background education - bsc or msc in computer science, data science, statistics or related field experience - 2+ years in a data science or analytics role - experience with end-to-end model development and deployment certifications - tensorflow developer certificate or equivalent is a plus","william tanaka email: r0654@email.com skills data visualisation, agile, ci/cd, python, bigquery, tensorflow, sql, scikit-learn education bsc data science, de montfort university (2019) work experience data analyst at acme digital (2016-2018): applied ci/cd and agile to deliver projects. | backend developer at byteforge (2017-2020): applied ci/cd and ci/cd to deliver projects. certifications none","data visualisation, agile, ci/cd, python, bigquery, tensorflow, sql, scikit-learn","bsc data science, de montfort university (2019)",data analyst at acme digital (2016-2018): applied ci/cd and agile to deliver projects. | backend developer at byteforge (2017-2020): applied ci/cd and ci/cd to deliver projects.,,Male,White,1,0.62081236,0.5569603,0.5194732,0.4835471,0.07490675,38.0,0
JOB001,R0589,"job title: data scientist company: techcorp ltd about the role: we are seeking a skilled data scientist to join our analytics team. you will work on cutting-edge machine learning projects to drive business decisions through data. responsibilities: - build and deploy machine learning models - perform statistical analysis on large datasets - collaborate with engineering and product teams - communicate findings to non-technical stakeholders requirements: skills - proficiency in python and sql - strong knowledge of machine learning algorithms - experience with scikit-learn, tensorflow or pytorch - data visualisation skills (matplotlib, seaborn, tableau) - strong statistics and mathematics background education - bsc or msc in computer science, data science, statistics or related field experience - 2+ years in a data science or analytics role - experience with end-to-end model development and deployment certifications - tensorflow developer certificate or equivalent is a plus","john davis email: r0589@email.com skills sql, scikit-learn, python, agile, microservices, elasticsearch, data visualisation education ba business information systems, university of sheffield (2014) work experience qa engineer at cloudbase ltd (2015-2017): applied scikit-learn and data visualisation to deliver projects. | machine learning engineer at acme digital (2017-2020): applied sql and sql to deliver projects. | systems analyst at prismdata ltd (2015-2017): applied agile and data visualisation to deliver projects. certifications microsoft azure fundamentals","sql, scikit-learn, python, agile, microservices, elasticsearch, data visualisation","ba business information systems, university of sheffield (2014)",qa engineer at cloudbase ltd (2015-2017): applied scikit-learn and data visualisation to deliver projects. | machine learning engineer at acme digital (2017-2020): applied sql and sql to deliver projects. | systems analyst at prismdata ltd (2015-2017): applied agile and data visualisation to deliver projects.,microsoft azure fundamentals,Male,White,1,0.62025905,0.45865798,0.36284417,0.6182709,0.22131166,39.0,0
JOB001,R0852,"job title: data scientist company: techcorp ltd about the role: we are seeking a skilled data scientist to join our analytics team. you will work on cutting-edge machine learning projects to drive business decisions through data. responsibilities: - build and deploy machine learning models - perform statistical analysis on large datasets - collaborate with engineering and product teams - communicate findings to non-technical stakeholders requirements: skills - proficiency in python and sql - strong knowledge of machine learning algorithms - experience with scikit-learn, tensorflow or pytorch - data visualisation skills (matplotlib, seaborn, tableau) - strong statistics and mathematics background education - bsc or msc in computer science, data science, statistics or related field experience - 2+ years in a data science or analytics role - experience with end-to-end model development and deployment certifications - tensorflow developer certificate or equivalent is a plus","robert wilson email: r0852@email.com skills javascript, statistics, unit testing, git, sql, rest apis, machine learning, python, agile, tensorflow, airflow, data visualisation, scikit-learn education msc computer science, university of edinburgh (2023) work experience devops engineer at globaltech systems (2019-2020): applied rest apis and machine learning to deliver projects. certifications aws certified developer, microsoft azure fundamentals, aws solutions architect","javascript, statistics, unit testing, git, sql, rest apis, machine learning, python, agile, tensorflow, airflow, data visualisation, scikit-learn","msc computer science, university of edinburgh (2023)",devops engineer at globaltech systems (2019-2020): applied rest apis and machine learning to deliver projects.,"aws certified developer, microsoft azure fundamentals, aws solutions architect",Male,White,1,0.6196078,0.5066061,0.39668542,0.46297246,0.429981,40.0,0
JOB001,R0107,"job title: data scientist company: techcorp ltd about the role: we are seeking a skilled data scientist to join our analytics team. you will work on cutting-edge machine learning projects to drive business decisions through data. responsibilities: - build and deploy machine learning models - perform statistical analysis on large datasets - collaborate with engineering and product teams - communicate findings to non-technical stakeholders requirements: skills - proficiency in python and sql - strong knowledge of machine learning algorithms - experience with scikit-learn, tensorflow or pytorch - data visualisation skills (matplotlib, seaborn, tableau) - strong statistics and mathematics background education - bsc or msc in computer science, data science, statistics or related field experience - 2+ years in a data science or analytics role - experience with end-to-end model development and deployment certifications - tensorflow developer certificate or equivalent is a plus","daniel wilson email: r0107@email.com skills terraform, statistics, microservices, sql, data visualisation, node.js, machine learning, elasticsearch, django, tensorflow, aws education msc computer science, northumbria university (2024) work experience devops engineer at gamma digital (2022-2024): applied tensorflow and terraform to deliver projects. | junior developer at starline systems (2019-2022): applied elasticsearch and node.js to deliver projects. | backend developer at starline systems (2021-2024): applied microservices and machine learning to deliver projects. certifications microsoft azure fundamentals","terraform, statistics, microservices, sql, data visualisation, node.js, machine learning, elasticsearch, django, tensorflow, aws","msc computer science, northumbria university (2024)",devops engineer at gamma digital (2022-2024): applied tensorflow and terraform to deliver projects. | junior developer at starline systems (2019-2022): applied elasticsearch and node.js to deliver projects. | backend developer at starline systems (2021-2024): applied microservices and machine learning to deliver projects.,microsoft azure fundamentals,Male,White,1,0.611549,0.47749543,0.39116907,0.56780386,0.22131166,41.0,0
JOB001,R0526,"job title: data scientist company: techcorp ltd about the role: we are seeking a skilled data scientist to join our analytics team. you will work on cutting-edge machine learning projects to drive business decisions through data. responsibilities: - build and deploy machine learning models - perform statistical analysis on large datasets - collaborate with engineering and product teams - communicate findings to non-technical stakeholders requirements: skills - proficiency in python and sql - strong knowledge of machine learning algorithms - experience with scikit-learn, tensorflow or pytorch - data visualisation skills (matplotlib, seaborn, tableau) - strong statistics and mathematics background education - bsc or msc in computer science, data science, statistics or related field experience - 2+ years in a data science or analytics role - experience with end-to-end model development and deployment certifications - tensorflow developer certificate or equivalent is a plus","maria garcia email: r0526@email.com skills git, system design, docker, machine learning, github actions, data visualisation, fastapi, tensorflow, statistics, postgresql education bsc data science, de montfort university (2017) work experience full stack developer at alphatech (2018-2020): applied github actions and docker to deliver projects. certifications oracle certified java programmer","git, system design, docker, machine learning, github actions, data visualisation, fastapi, tensorflow, statistics, postgresql","bsc data science, de montfort university (2017)",full stack developer at alphatech (2018-2020): applied github actions and docker to deliver projects.,oracle certified java programmer,Female,White,1,0.6099907,0.46375132,0.5270232,0.21578053,0.291537,42.0,0
JOB001,R1055,"job title: data scientist company: techcorp ltd about the role: we are seeking a skilled data scientist to join our analytics team. you will work on cutting-edge machine learning projects to drive business decisions through data. responsibilities: - build and deploy machine learning models - perform statistical analysis on large datasets - collaborate with engineering and product teams - communicate findings to non-technical stakeholders requirements: skills - proficiency in python and sql - strong knowledge of machine learning algorithms - experience with scikit-learn, tensorflow or pytorch - data visualisation skills (matplotlib, seaborn, tableau) - strong statistics and mathematics background education - bsc or msc in computer science, data science, statistics or related field experience - 2+ years in a data science or analytics role - experience with end-to-end model development and deployment certifications - tensorflow developer certificate or equivalent is a plus","jordan jackson email: r1055@email.com skills jenkins, tensorflow, ci/cd, dbt, python, java education msc artificial intelligence, university of warwick (2010) work experience systems analyst at innovatesoft (2015-2017): applied dbt and ci/cd to deliver projects. | junior developer at starline systems (2020-2023): applied jenkins and java to deliver projects. certifications comptia security+, databricks certified associate","jenkins, tensorflow, ci/cd, dbt, python, java","msc artificial intelligence, university of warwick (2010)",systems analyst at innovatesoft (2015-2017): applied dbt and ci/cd to deliver projects. | junior developer at starline systems (2020-2023): applied jenkins and java to deliver projects.,"comptia security+, databricks certified associate",Non-binary,White,0,0.60900396,0.40052843,0.27859262,0.42165333,0.4226569,43.0,0
JOB001,R1041,"job title: data scientist company: techcorp ltd about the role: we are seeking a skilled data scientist to join our analytics team. you will work on cutting-edge machine learning projects to drive business decisions through data. responsibilities: - build and deploy machine learning models - perform statistical analysis on large datasets - collaborate with engineering and product teams - communicate findings to non-technical stakeholders requirements: skills - proficiency in python and sql - strong knowledge of machine learning algorithms - experience with scikit-learn, tensorflow or pytorch - data visualisation skills (matplotlib, seaborn, tableau) - strong statistics and mathematics background education - bsc or msc in computer science, data science, statistics or related field experience - 2+ years in a data science or analytics role - experience with end-to-end model development and deployment certifications - tensorflow developer certificate or equivalent is a plus","karen rodriguez email: r1041@email.com skills scikit-learn, computer vision, c++, big data, mongodb, data visualisation, numpy, kubernetes education beng information technology, university of sheffield (2023) work experience devops engineer at techcorp ltd (2020-2021): applied mongodb and data visualisation to deliver projects. certifications none","scikit-learn, computer vision, c++, big data, mongodb, data visualisation, numpy, kubernetes","beng information technology, university of sheffield (2023)",devops engineer at techcorp ltd (2020-2021): applied mongodb and data visualisation to deliver projects.,,Female,White,0,0.60519594,0.45162076,0.34807548,0.41652665,0.0749067,44.0,0
JOB001,R1392,"job title: data scientist company: techcorp ltd about the role: we are seeking a skilled data scientist to join our analytics team. you will work on cutting-edge machine learning projects to drive business decisions through data. responsibilities: - build and deploy machine learning models - perform statistical analysis on large datasets - collaborate with engineering and product teams - communicate findings to non-technical stakeholders requirements: skills - proficiency in python and sql - strong knowledge of machine learning algorithms - experience with scikit-learn, tensorflow or pytorch - data visualisation skills (matplotlib, seaborn, tableau) - strong statistics and mathematics background education - bsc or msc in computer science, data science, statistics or related field experience - 2+ years in a data science or analytics role - experience with end-to-end model development and deployment certifications - tensorflow developer certificate or equivalent is a plus","michael osei email: r1392@email.com skills ansible, statistics, a/b testing, model deployment, big data, react, elasticsearch education msc computer science, university of leeds (2016) work experience systems analyst at alphatech (2022-2025): applied big data and big data to deliver projects. certifications tensorflow developer certificate","ansible, statistics, a/b testing, model deployment, big data, react, elasticsearch","msc computer science, university of leeds (2016)",systems analyst at alphatech (2022-2025): applied big data and big data to deliver projects.,tensorflow developer certificate,Male,White,0,0.6000829,0.32978392,0.36789173,0.4741549,0.42003483,45.0,0
JOB001,R0894,"job title: data scientist company: techcorp ltd about the role: we are seeking a skilled data scientist to join our analytics team. you will work on cutting-edge machine learning projects to drive business decisions through data. responsibilities: - build and deploy machine learning models - perform statistical analysis on large datasets - collaborate with engineering and product teams - communicate findings to non-technical stakeholders requirements: skills - proficiency in python and sql - strong knowledge of machine learning algorithms - experience with scikit-learn, tensorflow or pytorch - data visualisation skills (matplotlib, seaborn, tableau) - strong statistics and mathematics background education - bsc or msc in computer science, data science, statistics or related field experience - 2+ years in a data science or analytics role - experience with end-to-end model development and deployment certifications - tensorflow developer certificate or equivalent is a plus","sophia yamamoto email: r0894@email.com skills rest apis, scikit-learn, sql, bash, git, tensorflow, linux, data visualisation, jenkins, kubernetes education bsc statistics, university of bristol (2024) work experience full stack developer at innovatesoft (2018-2021): applied jenkins and git to deliver projects. | systems analyst at byteforge (2021-2024): applied scikit-learn and kubernetes to deliver projects. certifications certified kubernetes administrator, aws certified developer","rest apis, scikit-learn, sql, bash, git, tensorflow, linux, data visualisation, jenkins, kubernetes","bsc statistics, university of bristol (2024)",full stack developer at innovatesoft (2018-2021): applied jenkins and git to deliver projects. | systems analyst at byteforge (2021-2024): applied scikit-learn and kubernetes to deliver projects.,"certified kubernetes administrator, aws certified developer",Female,White,1,0.5975421,0.41841504,0.3927528,0.4195636,0.43064958,46.0,0
JOB001,R1713,"job title: data scientist company: techcorp ltd about the role: we are seeking a skilled data scientist to join our analytics team. you will work on cutting-edge machine learning projects to drive business decisions through data. responsibilities: - build and deploy machine learning models - perform statistical analysis on large datasets - collaborate with engineering and product teams - communicate findings to non-technical stakeholders requirements: skills - proficiency in python and sql - strong knowledge of machine learning algorithms - experience with scikit-learn, tensorflow or pytorch - data visualisation skills (matplotlib, seaborn, tableau) - strong statistics and mathematics background education - bsc or msc in computer science, data science, statistics or related field experience - 2+ years in a data science or analytics role - experience with end-to-end model development and deployment certifications - tensorflow developer certificate or equivalent is a plus","ahmed moore email: r1713@email.com skills system design, scikit-learn, hadoop, typescript, kubernetes education bsc mathematics, university of manchester (2020) work experience backend developer at quantum analytics (2018-2019): applied scikit-learn and typescript to deliver projects. | full stack developer at cloudbase ltd (2018-2021): applied kubernetes and scikit-learn to deliver projects. certifications certified kubernetes administrator","system design, scikit-learn, hadoop, typescript, kubernetes","bsc mathematics, university of manchester (2020)",backend developer at quantum analytics (2018-2019): applied scikit-learn and typescript to deliver projects. | full stack developer at cloudbase ltd (2018-2021): applied kubernetes and scikit-learn to deliver projects.,certified kubernetes administrator,Male,Hispanic,0,0.5867317,0.3632239,0.28097764,0.47199816,0.3039435,47.0,0
JOB001,R0844,"job title: data scientist company: techcorp ltd about the role: we are seeking a skilled data scientist to join our analytics team. you will work on cutting-edge machine learning projects to drive business decisions through data. responsibilities: - build and deploy machine learning models - perform statistical analysis on large datasets - collaborate with engineering and product teams - communicate findings to non-technical stakeholders requirements: skills - proficiency in python and sql - strong knowledge of machine learning algorithms - experience with scikit-learn, tensorflow or pytorch - data visualisation skills (matplotlib, seaborn, tableau) - strong statistics and mathematics background education - bsc or msc in computer science, data science, statistics or related field experience - 2+ years in a data science or analytics role - experience with end-to-end model development and deployment certifications - tensorflow developer certificate or equivalent is a plus","emma white email: r0844@email.com skills numpy, django, python, ansible education beng information technology, university of manchester (2023) work experience data analyst at quantum analytics (2022-2023): applied ansible and django to deliver projects. | backend developer at nexgen analytics (2022-2024): applied ansible and django to deliver projects. certifications none","numpy, django, python, ansible","beng information technology, university of manchester (2023)",data analyst at quantum analytics (2022-2023): applied ansible and django to deliver projects. | backend developer at nexgen analytics (2022-2024): applied ansible and django to deliver projects.,,Female,White,0,0.57833993,0.22110286,0.32115126,0.48383367,0.0749067,48.0,0
JOB001,R0867,"job title: data scientist company: techcorp ltd about the role: we are seeking a skilled data scientist to join our analytics team. you will work on cutting-edge machine learning projects to drive business decisions through data. responsibilities: - build and deploy machine learning models - perform statistical analysis on large datasets - collaborate with engineering and product teams - communicate findings to non-technical stakeholders requirements: skills - proficiency in python and sql - strong knowledge of machine learning algorithms - experience with scikit-learn, tensorflow or pytorch - data visualisation skills (matplotlib, seaborn, tableau) - strong statistics and mathematics background education - bsc or msc in computer science, data science, statistics or related field experience - 2+ years in a data science or analytics role - experience with end-to-end model development and deployment certifications - tensorflow developer certificate or equivalent is a plus","daniel martin email: r0867@email.com skills pytorch, bash, microservices, etl, agile, react, tensorflow education bsc computer science, coventry university (2013) work experience qa engineer at betaworks (2019-2022): applied microservices and bash to deliver projects. | devops engineer at betaworks (2022-2023): applied pytorch and react to deliver projects. certifications microsoft azure fundamentals, aws machine learning specialty, tableau desktop specialist","pytorch, bash, microservices, etl, agile, react, tensorflow","bsc computer science, coventry university (2013)",qa engineer at betaworks (2019-2022): applied microservices and bash to deliver projects. | devops engineer at betaworks (2022-2023): applied pytorch and react to deliver projects.,"microsoft azure fundamentals, aws machine learning specialty, tableau desktop specialist",Male,White,0,0.572129,0.3353265,0.43081838,0.36244532,0.522763,49.0,0
JOB001,R1200,"job title: data scientist company: techcorp ltd about the role: we are seeking a skilled data scientist to join our analytics team. you will work on cutting-edge machine learning projects to drive business decisions through data. responsibilities: - build and deploy machine learning models - perform statistical analysis on large datasets - collaborate with engineering and product teams - communicate findings to non-technical stakeholders requirements: skills - proficiency in python and sql - strong knowledge of machine learning algorithms - experience with scikit-learn, tensorflow or pytorch - data visualisation skills (matplotlib, seaborn, tableau) - strong statistics and mathematics background education - bsc or msc in computer science, data science, statistics or related field experience - 2+ years in a data science or analytics role - experience with end-to-end model development and deployment certifications - tensorflow developer certificate or equivalent is a plus","michael zhang email: r1200@email.com skills bigquery, tensorflow, microservices, pytorch, gcp, kafka education msc artificial intelligence, city university of london (2016) work experience machine learning engineer at techcorp ltd (2016-2017): applied gcp and tensorflow to deliver projects. | devops engineer at vertex solutions (2016-2018): applied pytorch and microservices to deliver projects. certifications google cloud professional, certified ethical hacker","bigquery, tensorflow, microservices, pytorch, gcp, kafka","msc artificial intelligence, city university of london (2016)",machine learning engineer at techcorp ltd (2016-2017): applied gcp and tensorflow to deliver projects. | devops engineer at vertex solutions (2016-2018): applied pytorch and microservices to deliver projects.,"google cloud professional, certified ethical hacker",Male,Asian,0,0.56945264,0.3750487,0.26838565,0.5985645,0.33907777,50.0,0
JOB001,R0652,"job title: data scientist company: techcorp ltd about the role: we are seeking a skilled data scientist to join our analytics team. you will work on cutting-edge machine learning projects to drive business decisions through data. responsibilities: - build and deploy machine learning models - perform statistical analysis on large datasets - collaborate with engineering and product teams - communicate findings to non-technical stakeholders requirements: skills - proficiency in python and sql - strong knowledge of machine learning algorithms - experience with scikit-learn, tensorflow or pytorch - data visualisation skills (matplotlib, seaborn, tableau) - strong statistics and mathematics background education - bsc or msc in computer science, data science, statistics or related field experience - 2+ years in a data science or analytics role - experience with end-to-end model development and deployment certifications - tensorflow developer certificate or equivalent is a plus","kwame martinez email: r0652@email.com skills sql, postgresql, docker, ci/cd, statistics, computer vision, unit testing education msc artificial intelligence, university of birmingham (2018) work experience software engineer at alphatech (2019-2020): applied ci/cd and computer vision to deliver projects. certifications comptia security+","sql, postgresql, docker, ci/cd, statistics, computer vision, unit testing","msc artificial intelligence, university of birmingham (2018)",software engineer at alphatech (2019-2020): applied ci/cd and computer vision to deliver projects.,comptia security+,Male,White,0,0.5669245,0.3838141,0.28121325,0.47201872,0.15889424,51.0,0
JOB001,R1447,"job title: data scientist company: techcorp ltd about the role: we are seeking a skilled data scientist to join our analytics team. you will work on cutting-edge machine learning projects to drive business decisions through data. responsibilities: - build and deploy machine learning models - perform statistical analysis on large datasets - collaborate with engineering and product teams - communicate findings to non-technical stakeholders requirements: skills - proficiency in python and sql - strong knowledge of machine learning algorithms - experience with scikit-learn, tensorflow or pytorch - data visualisation skills (matplotlib, seaborn, tableau) - strong statistics and mathematics background education - bsc or msc in computer science, data science, statistics or related field experience - 2+ years in a data science or analytics role - experience with end-to-end model development and deployment certifications - tensorflow developer certificate or equivalent is a plus","james taylor email: r1447@email.com skills nlp, power bi, git, sql, r, bigquery, azure, tensorflow education bsc computer science, city university of london (2020) work experience full stack developer at prismdata ltd (2022-2023): applied azure and sql to deliver projects. certifications certified kubernetes administrator, agile scrum master","nlp, power bi, git, sql, r, bigquery, azure, tensorflow","bsc computer science, city university of london (2020)",full stack developer at prismdata ltd (2022-2023): applied azure and sql to deliver projects.,"certified kubernetes administrator, agile scrum master",Male,Asian,0,0.56066906,0.37933153,0.43601036,0.35881883,0.3473888,52.0,0
JOB001,R0102,"job title: data scientist company: techcorp ltd about the role: we are seeking a skilled data scientist to join our analytics team. you will work on cutting-edge machine learning projects to drive business decisions through data. responsibilities: - build and deploy machine learning models - perform statistical analysis on large datasets - collaborate with engineering and product teams - communicate findings to non-technical stakeholders requirements: skills - proficiency in python and sql - strong knowledge of machine learning algorithms - experience with scikit-learn, tensorflow or pytorch - data visualisation skills (matplotlib, seaborn, tableau) - strong statistics and mathematics background education - bsc or msc in computer science, data science, statistics or related field experience - 2+ years in a data science or analytics role - experience with end-to-end model development and deployment certifications - tensorflow developer certificate or equivalent is a plus","karen zhang email: r0102@email.com skills numpy, docker, data visualisation education bsc cybersecurity, university of birmingham (2010) work experience data engineer at vertex solutions (2020-2022): applied docker and docker to deliver projects. | systems analyst at acme digital (2020-2022): applied docker and docker to deliver projects. certifications aws certified developer, microsoft azure fundamentals, tableau desktop specialist","numpy, docker, data visualisation","bsc cybersecurity, university of birmingham (2010)",data engineer at vertex solutions (2020-2022): applied docker and docker to deliver projects. | systems analyst at acme digital (2020-2022): applied docker and docker to deliver projects.,"aws certified developer, microsoft azure fundamentals, tableau desktop specialist",Female,White,0,0.5547351,0.1775147,0.39792758,0.38703308,0.4680735,53.0,0
JOB001,R0594,"job title: data scientist company: techcorp ltd about the role: we are seeking a skilled data scientist to join our analytics team. you will work on cutting-edge machine learning projects to drive business decisions through data. responsibilities: - build and deploy machine learning models - perform statistical analysis on large datasets - collaborate with engineering and product teams - communicate findings to non-technical stakeholders requirements: skills - proficiency in python and sql - strong knowledge of machine learning algorithms - experience with scikit-learn, tensorflow or pytorch - data visualisation skills (matplotlib, seaborn, tableau) - strong statistics and mathematics background education - bsc or msc in computer science, data science, statistics or related field experience - 2+ years in a data science or analytics role - experience with end-to-end model development and deployment certifications - tensorflow developer certificate or equivalent is a plus","priya jackson email: r0594@email.com skills c++, spark, system design, data visualisation, sql, linux education bsc statistics, city university of london (2010) work experience systems analyst at starline systems (2021-2022): applied spark and data visualisation to deliver projects. | systems analyst at datasolutions uk (2017-2019): applied sql and data visualisation to deliver projects. certifications none","c++, spark, system design, data visualisation, sql, linux","bsc statistics, city university of london (2010)",systems analyst at starline systems (2021-2022): applied spark and data visualisation to deliver projects. | systems analyst at datasolutions uk (2017-2019): applied sql and data visualisation to deliver projects.,,Female,White,0,0.5532604,0.34544447,0.30552182,0.403821,0.0749067,54.0,0
JOB001,R0938,"job title: data scientist company: techcorp ltd about the role: we are seeking a skilled data scientist to join our analytics team. you will work on cutting-edge machine learning projects to drive business decisions through data. responsibilities: - build and deploy machine learning models - perform statistical analysis on large datasets - collaborate with engineering and product teams - communicate findings to non-technical stakeholders requirements: skills - proficiency in python and sql - strong knowledge of machine learning algorithms - experience with scikit-learn, tensorflow or pytorch - data visualisation skills (matplotlib, seaborn, tableau) - strong statistics and mathematics background education - bsc or msc in computer science, data science, statistics or related field experience - 2+ years in a data science or analytics role - experience with end-to-end model development and deployment certifications - tensorflow developer certificate or equivalent is a plus","olivia wilson email: r0938@email.com skills sql, pytorch, bigquery education bsc computer science, london metropolitan university (2022) work experience full stack developer at acme digital (2016-2017): applied sql and pytorch to deliver projects. | qa engineer at gamma digital (2020-2021): applied bigquery and sql to deliver projects. certifications certified kubernetes administrator, microsoft azure fundamentals","sql, pytorch, bigquery","bsc computer science, london metropolitan university (2022)",full stack developer at acme digital (2016-2017): applied sql and pytorch to deliver projects. | qa engineer at gamma digital (2020-2021): applied bigquery and sql to deliver projects.,"certified kubernetes administrator, microsoft azure fundamentals",Female,White,0,0.54339325,0.1945351,0.45906585,0.45465836,0.32685557,55.0,0
JOB001,R0734,"job title: data scientist company: techcorp ltd about the role: we are seeking a skilled data scientist to join our analytics team. you will work on cutting-edge machine learning projects to drive business decisions through data. responsibilities: - build and deploy machine learning models - perform statistical analysis on large datasets - collaborate with engineering and product teams - communicate findings to non-technical stakeholders requirements: skills - proficiency in python and sql - strong knowledge of machine learning algorithms - experience with scikit-learn, tensorflow or pytorch - data visualisation skills (matplotlib, seaborn, tableau) - strong statistics and mathematics background education - bsc or msc in computer science, data science, statistics or related field experience - 2+ years in a data science or analytics role - experience with end-to-end model development and deployment certifications - tensorflow developer certificate or equivalent is a plus","john li email: r0734@email.com skills aws, bigquery, data visualisation education bsc mathematics, university of warwick (2021) work experience software engineer at globaltech systems (2016-2018): applied bigquery and data visualisation to deliver projects. | full stack developer at betaworks (2021-2022): applied aws and data visualisation to deliver projects. certifications pmp project management, certified ethical hacker, databricks certified associate","aws, bigquery, data visualisation","bsc mathematics, university of warwick (2021)",software engineer at globaltech systems (2016-2018): applied bigquery and data visualisation to deliver projects. | full stack developer at betaworks (2021-2022): applied aws and data visualisation to deliver projects.,"pmp project management, certified ethical hacker, databricks certified associate",Male,White,0,0.5328685,0.21162876,0.34292227,0.47604287,0.45645985,56.0,0
JOB001,R0880,"job title: data scientist company: techcorp ltd about the role: we are seeking a skilled data scientist to join our analytics team. you will work on cutting-edge machine learning projects to drive business decisions through data. responsibilities: - build and deploy machine learning models - perform statistical analysis on large datasets - collaborate with engineering and product teams - communicate findings to non-technical stakeholders requirements: skills - proficiency in python and sql - strong knowledge of machine learning algorithms - experience with scikit-learn, tensorflow or pytorch - data visualisation skills (matplotlib, seaborn, tableau) - strong statistics and mathematics background education - bsc or msc in computer science, data science, statistics or related field experience - 2+ years in a data science or analytics role - experience with end-to-end model development and deployment certifications - tensorflow developer certificate or equivalent is a plus","noah johnson email: r0880@email.com skills etl, microservices, scikit-learn, react, node.js, python, kafka, airflow education bsc mathematics, university of warwick (2016) work experience qa engineer at quantum analytics (2021-2024): applied etl and kafka to deliver projects. | devops engineer at quantum analytics (2018-2020): applied airflow and kafka to deliver projects. | junior developer at byteforge (2019-2022): applied kafka and react to deliver projects. certifications pmp project management","etl, microservices, scikit-learn, react, node.js, python, kafka, airflow","bsc mathematics, university of warwick (2016)",qa engineer at quantum analytics (2021-2024): applied etl and kafka to deliver projects. | devops engineer at quantum analytics (2018-2020): applied airflow and kafka to deliver projects. | junior developer at byteforge (2019-2022): applied kafka and react to deliver projects.,pmp project management,Male,White,0,0.53173125,0.36437163,0.31388283,0.42001432,0.19822568,57.0,0
JOB002,R0783,"job title: software engineer company: innovatesoft about the role: we are looking for a talented software engineer to build scalable backend systems and contribute to our microservices architecture. responsibilities: - design and implement restful apis - write clean, testable code with good documentation - participate in code reviews and agile ceremonies - collaborate with devops for ci/cd pipelines requirements: skills - strong programming skills in python or java - experience with rest apis and microservices - familiarity with docker and containerisation - version control with git - sql and database design education - bsc in computer science, software engineering or equivalent experience - 1-3 years in a software development role - agile/scrum experience preferred certifications - aws or azure certification is a plus","susan mensah email: r0783@email.com skills agile, java, data visualisation, rest apis, docker, feature engineering education bsc mathematics, de montfort university (2013) work experience software engineer at innovatesoft (2015-2017): applied rest apis and agile to deliver projects. | software engineer at cloudbase ltd (2019-2020): applied agile and data visualisation to deliver projects. certifications pmp project management, aws machine learning specialty, oracle certified java programmer","agile, java, data visualisation, rest apis, docker, feature engineering","bsc mathematics, de montfort university (2013)",software engineer at innovatesoft (2015-2017): applied rest apis and agile to deliver projects. | software engineer at cloudbase ltd (2019-2020): applied agile and data visualisation to deliver projects.,"pmp project management, aws machine learning specialty, oracle certified java programmer",Female,Hispanic,1,0.71635306,0.50952256,0.16756019,0.6311668,0.5129932,1.0,1
JOB002,R1220,"job title: software engineer company: innovatesoft about the role: we are looking for a talented software engineer to build scalable backend systems and contribute to our microservices architecture. responsibilities: - design and implement restful apis - write clean, testable code with good documentation - participate in code reviews and agile ceremonies - collaborate with devops for ci/cd pipelines requirements: skills - strong programming skills in python or java - experience with rest apis and microservices - familiarity with docker and containerisation - version control with git - sql and database design education - bsc in computer science, software engineering or equivalent experience - 1-3 years in a software development role - agile/scrum experience preferred certifications - aws or azure certification is a plus","oliver zhang email: r1220@email.com skills spark, java, bash, node.js, git, bigquery, rest apis, nlp, elasticsearch, docker education bsc mathematics, university of birmingham (2022) work experience junior developer at byteforge (2017-2019): applied java and node.js to deliver projects. certifications certified kubernetes administrator, agile scrum master, comptia security+","spark, java, bash, node.js, git, bigquery, rest apis, nlp, elasticsearch, docker","bsc mathematics, university of birmingham (2022)",junior developer at byteforge (2017-2019): applied java and node.js to deliver projects.,"certified kubernetes administrator, agile scrum master, comptia security+",Male,White,1,0.7127018,0.4005936,0.25345242,0.41093552,0.49636006,2.0,1
JOB002,R1579,"job title: software engineer company: innovatesoft about the role: we are looking for a talented software engineer to build scalable backend systems and contribute to our microservices architecture. responsibilities: - design and implement restful apis - write clean, testable code with good documentation - participate in code reviews and agile ceremonies - collaborate with devops for ci/cd pipelines requirements: skills - strong programming skills in python or java - experience with rest apis and microservices - familiarity with docker and containerisation - version control with git - sql and database design education - bsc in computer science, software engineering or equivalent experience - 1-3 years in a software development role - agile/scrum experience preferred certifications - aws or azure certification is a plus","joseph wang email: r1579@email.com skills spark, java, model deployment, statistics, rest apis, sql, python, docker, postgresql, pytorch, agile, git, node.js education bsc data science, university of hertfordshire (2014) work experience qa engineer at vertex solutions (2020-2021): applied agile and agile to deliver projects. certifications certified kubernetes administrator, microsoft azure fundamentals, certified ethical hacker","spark, java, model deployment, statistics, rest apis, sql, python, docker, postgresql, pytorch, agile, git, node.js","bsc data science, university of hertfordshire (2014)",qa engineer at vertex solutions (2020-2021): applied agile and agile to deliver projects.,"certified kubernetes administrator, microsoft azure fundamentals, certified ethical hacker",Male,White,1,0.7086381,0.44915134,0.2042526,0.42028782,0.47291848,3.0,1
JOB002,R0521,"job title: software engineer company: innovatesoft about the role: we are looking for a talented software engineer to build scalable backend systems and contribute to our microservices architecture. responsibilities: - design and implement restful apis - write clean, testable code with good documentation - participate in code reviews and agile ceremonies - collaborate with devops for ci/cd pipelines requirements: skills - strong programming skills in python or java - experience with rest apis and microservices - familiarity with docker and containerisation - version control with git - sql and database design education - bsc in computer science, software engineering or equivalent experience - 1-3 years in a software development role - agile/scrum experience preferred certifications - aws or azure certification is a plus","sage davis email: r0521@email.com skills rest apis, git, docker, ci/cd, java, feature engineering education bsc cybersecurity, university of warwick (2021) work experience machine learning engineer at innovatesoft (2020-2021): applied docker and java to deliver projects. | qa engineer at nexgen analytics (2021-2023): applied ci/cd and rest apis to deliver projects. | data analyst at vertex solutions (2016-2017): applied java and java to deliver projects. certifications oracle certified java programmer, comptia security+, tensorflow developer certificate","rest apis, git, docker, ci/cd, java, feature engineering","bsc cybersecurity, university of warwick (2021)",machine learning engineer at innovatesoft (2020-2021): applied docker and java to deliver projects. | qa engineer at nexgen analytics (2021-2023): applied ci/cd and rest apis to deliver projects. | data analyst at vertex solutions (2016-2017): applied java and java to deliver projects.,"oracle certified java programmer, comptia security+, tensorflow developer certificate",Non-binary,White,1,0.6880969,0.45193872,0.3176527,0.52920437,0.40481108,4.0,1
JOB002,R1113,"job title: software engineer company: innovatesoft about the role: we are looking for a talented software engineer to build scalable backend systems and contribute to our microservices architecture. responsibilities: - design and implement restful apis - write clean, testable code with good documentation - participate in code reviews and agile ceremonies - collaborate with devops for ci/cd pipelines requirements: skills - strong programming skills in python or java - experience with rest apis and microservices - familiarity with docker and containerisation - version control with git - sql and database design education - bsc in computer science, software engineering or equivalent experience - 1-3 years in a software development role - agile/scrum experience preferred certifications - aws or azure certification is a plus","susan lee email: r1113@email.com skills java, redshift, rest apis, node.js, docker, sql, git, agile, unit testing, python, elasticsearch education bsc software engineering, city university of london (2023) work experience software engineer at acme digital (2017-2018): applied node.js and node.js to deliver projects. certifications none","java, redshift, rest apis, node.js, docker, sql, git, agile, unit testing, python, elasticsearch","bsc software engineering, city university of london (2023)",software engineer at acme digital (2017-2018): applied node.js and node.js to deliver projects.,,Female,Black,1,0.6763581,0.47162902,0.3579585,0.4685769,0.0984991,5.0,1
JOB002,R1325,"job title: software engineer company: innovatesoft about the role: we are looking for a talented software engineer to build scalable backend systems and contribute to our microservices architecture. responsibilities: - design and implement restful apis - write clean, testable code with good documentation - participate in code reviews and agile ceremonies - collaborate with devops for ci/cd pipelines requirements: skills - strong programming skills in python or java - experience with rest apis and microservices - familiarity with docker and containerisation - version control with git - sql and database design education - bsc in computer science, software engineering or equivalent experience - 1-3 years in a software development role - agile/scrum experience preferred certifications - aws or azure certification is a plus","jessica johnson email: r1325@email.com skills rest apis, git, mongodb, node.js, python, agile, java, sql, tableau, docker education bsc statistics, university of leeds (2012) work experience backend developer at gamma digital (2016-2019): applied java and sql to deliver projects. | data analyst at acme digital (2016-2019): applied sql and python to deliver projects. certifications aws certified developer","rest apis, git, mongodb, node.js, python, agile, java, sql, tableau, docker","bsc statistics, university of leeds (2012)",backend developer at gamma digital (2016-2019): applied java and sql to deliver projects. | data analyst at acme digital (2016-2019): applied sql and python to deliver projects.,aws certified developer,Female,White,1,0.67548203,0.43681538,0.1964515,0.41929388,0.5608555,6.0,1
JOB002,R1106,"job title: software engineer company: innovatesoft about the role: we are looking for a talented software engineer to build scalable backend systems and contribute to our microservices architecture. responsibilities: - design and implement restful apis - write clean, testable code with good documentation - participate in code reviews and agile ceremonies - collaborate with devops for ci/cd pipelines requirements: skills - strong programming skills in python or java - experience with rest apis and microservices - familiarity with docker and containerisation - version control with git - sql and database design education - bsc in computer science, software engineering or equivalent experience - 1-3 years in a software development role - agile/scrum experience preferred certifications - aws or azure certification is a plus","olivia williams email: r1106@email.com skills java, agile, bigquery, aws, docker, deep learning, python, django education bsc statistics, university of warwick (2016) work experience backend developer at cloudbase ltd (2015-2017): applied aws and bigquery to deliver projects. | data analyst at nexgen analytics (2016-2019): applied python and docker to deliver projects. certifications oracle certified java programmer","java, agile, bigquery, aws, docker, deep learning, python, django","bsc statistics, university of warwick (2016)",backend developer at cloudbase ltd (2015-2017): applied aws and bigquery to deliver projects. | data analyst at nexgen analytics (2016-2019): applied python and docker to deliver projects.,oracle certified java programmer,Female,Black,1,0.67466795,0.4756242,0.25023854,0.49133018,0.38875365,7.0,1
JOB002,R0092,"job title: software engineer company: innovatesoft about the role: we are looking for a talented software engineer to build scalable backend systems and contribute to our microservices architecture. responsibilities: - design and implement restful apis - write clean, testable code with good documentation - participate in code reviews and agile ceremonies - collaborate with devops for ci/cd pipelines requirements: skills - strong programming skills in python or java - experience with rest apis and microservices - familiarity with docker and containerisation - version control with git - sql and database design education - bsc in computer science, software engineering or equivalent experience - 1-3 years in a software development role - agile/scrum experience preferred certifications - aws or azure certification is a plus","emma martin email: r0092@email.com skills gcp, agile, git, sql, docker, nlp, rest apis, java, react, python education ba business information systems, university of warwick (2024) work experience devops engineer at starline systems (2021-2024): applied agile and agile to deliver projects. | software engineer at vertex solutions (2022-2025): applied agile and nlp to deliver projects. | systems analyst at betaworks (2020-2022): applied git and gcp to deliver projects. certifications none","gcp, agile, git, sql, docker, nlp, rest apis, java, react, python","ba business information systems, university of warwick (2024)",devops engineer at starline systems (2021-2024): applied agile and agile to deliver projects. | software engineer at vertex solutions (2022-2025): applied agile and nlp to deliver projects. | systems analyst at betaworks (2020-2022): applied git and gcp to deliver projects.,,Female,White,1,0.6726252,0.45507735,0.31928998,0.5566868,0.0984991,8.0,1
JOB002,R0383,"job title: software engineer company: innovatesoft about the role: we are looking for a talented software engineer to build scalable backend systems and contribute to our microservices architecture. responsibilities: - design and implement restful apis - write clean, testable code with good documentation - participate in code reviews and agile ceremonies - collaborate with devops for ci/cd pipelines requirements: skills - strong programming skills in python or java - experience with rest apis and microservices - familiarity with docker and containerisation - version control with git - sql and database design education - bsc in computer science, software engineering or equivalent experience - 1-3 years in a software development role - agile/scrum experience preferred certifications - aws or azure certification is a plus","william adeyemi email: r0383@email.com skills kafka, docker, system design, rest apis, sql, bigquery, terraform, agile, big data, git, feature engineering education bsc computer science, king's college london (2024) work experience data analyst at techcorp ltd (2019-2021): applied feature engineering and rest apis to deliver projects. certifications google cloud professional","kafka, docker, system design, rest apis, sql, bigquery, terraform, agile, big data, git, feature engineering","bsc computer science, king's college london (2024)",data analyst at techcorp ltd (2019-2021): applied feature engineering and rest apis to deliver projects.,google cloud professional,Male,White,1,0.6705456,0.509138,0.27332658,0.4397155,0.31364226,9.0,1
JOB002,R1215,"job title: software engineer company: innovatesoft about the role: we are looking for a talented software engineer to build scalable backend systems and contribute to our microservices architecture. responsibilities: - design and implement restful apis - write clean, testable code with good documentation - participate in code reviews and agile ceremonies - collaborate with devops for ci/cd pipelines requirements: skills - strong programming skills in python or java - experience with rest apis and microservices - familiarity with docker and containerisation - version control with git - sql and database design education - bsc in computer science, software engineering or equivalent experience - 1-3 years in a software development role - agile/scrum experience preferred certifications - aws or azure certification is a plus","olivia harris email: r1215@email.com skills docker, system design, agile, sql, kafka, tableau, rest apis, java, git, python education bsc statistics, northumbria university (2023) work experience qa engineer at betaworks (2022-2023): applied git and sql to deliver projects. certifications certified ethical hacker, google cloud professional","docker, system design, agile, sql, kafka, tableau, rest apis, java, git, python","bsc statistics, northumbria university (2023)",qa engineer at betaworks (2022-2023): applied git and sql to deliver projects.,"certified ethical hacker, google cloud professional",Female,White,1,0.670254,0.4858907,0.2153391,0.4730741,0.38154757,10.0,1
JOB002,R0117,"job title: software engineer company: innovatesoft about the role: we are looking for a talented software engineer to build scalable backend systems and contribute to our microservices architecture. responsibilities: - design and implement restful apis - write clean, testable code with good documentation - participate in code reviews and agile ceremonies - collaborate with devops for ci/cd pipelines requirements: skills - strong programming skills in python or java - experience with rest apis and microservices - familiarity with docker and containerisation - version control with git - sql and database design education - bsc in computer science, software engineering or equivalent experience - 1-3 years in a software development role - agile/scrum experience preferred certifications - aws or azure certification is a plus","wei walker email: r0117@email.com skills python, docker, git, sql, node.js, etl education bsc statistics, northumbria university (2020) work experience software engineer at cloudbase ltd (2021-2023): applied etl and docker to deliver projects. | devops engineer at globaltech systems (2015-2017): applied etl and etl to deliver projects. | software engineer at quantum analytics (2017-2019): applied node.js and sql to deliver projects. certifications comptia security+","python, docker, git, sql, node.js, etl","bsc statistics, northumbria university (2020)",software engineer at cloudbase ltd (2021-2023): applied etl and docker to deliver projects. | devops engineer at globaltech systems (2015-2017): applied etl and etl to deliver projects. | software engineer at quantum analytics (2017-2019): applied node.js and sql to deliver projects.,comptia security+,Male,White,1,0.66705114,0.394829,0.21416381,0.5727898,0.13649997,11.0,0
JOB002,R0354,"job title: software engineer company: innovatesoft about the role: we are looking for a talented software engineer to build scalable backend systems and contribute to our microservices architecture. responsibilities: - design and implement restful apis - write clean, testable code with good documentation - participate in code reviews and agile ceremonies - collaborate with devops for ci/cd pipelines requirements: skills - strong programming skills in python or java - experience with rest apis and microservices - familiarity with docker and containerisation - version control with git - sql and database design education - bsc in computer science, software engineering or equivalent experience - 1-3 years in a software development role - agile/scrum experience preferred certifications - aws or azure certification is a plus","liam chen email: r0354@email.com skills docker, pytorch, agile, big data, java, rest apis education bsc mathematics, university of birmingham (2019) work experience devops engineer at vertex solutions (2020-2021): applied java and rest apis to deliver projects. | qa engineer at betaworks (2017-2018): applied docker and docker to deliver projects. | software engineer at nexgen analytics (2016-2018): applied agile and java to deliver projects. certifications none","docker, pytorch, agile, big data, java, rest apis","bsc mathematics, university of birmingham (2019)",devops engineer at vertex solutions (2020-2021): applied java and rest apis to deliver projects. | qa engineer at betaworks (2017-2018): applied docker and docker to deliver projects. | software engineer at nexgen analytics (2016-2018): applied agile and java to deliver projects.,,Male,White,1,0.66351616,0.44134852,0.25375193,0.5529868,0.0984991,12.0,0
JOB002,R0008,"job title: software engineer company: innovatesoft about the role: we are looking for a talented software engineer to build scalable backend systems and contribute to our microservices architecture. responsibilities: - design and implement restful apis - write clean, testable code with good documentation - participate in code reviews and agile ceremonies - collaborate with devops for ci/cd pipelines requirements: skills - strong programming skills in python or java - experience with rest apis and microservices - familiarity with docker and containerisation - version control with git - sql and database design education - bsc in computer science, software engineering or equivalent experience - 1-3 years in a software development role - agile/scrum experience preferred certifications - aws or azure certification is a plus","kevin perez email: r0008@email.com skills unit testing, django, rest apis, git education ba business information systems, university of edinburgh (2011) work experience data engineer at alphatech (2017-2019): applied git and rest apis to deliver projects. certifications aws certified developer, microsoft azure fundamentals, tableau desktop specialist","unit testing, django, rest apis, git","ba business information systems, university of edinburgh (2011)",data engineer at alphatech (2017-2019): applied git and rest apis to deliver projects.,"aws certified developer, microsoft azure fundamentals, tableau desktop specialist",Male,White,0,0.6605766,0.2612417,0.2639628,0.45650166,0.5485188,13.0,0
JOB002,R0769,"job title: software engineer company: innovatesoft about the role: we are looking for a talented software engineer to build scalable backend systems and contribute to our microservices architecture. responsibilities: - design and implement restful apis - write clean, testable code with good documentation - participate in code reviews and agile ceremonies - collaborate with devops for ci/cd pipelines requirements: skills - strong programming skills in python or java - experience with rest apis and microservices - familiarity with docker and containerisation - version control with git - sql and database design education - bsc in computer science, software engineering or equivalent experience - 1-3 years in a software development role - agile/scrum experience preferred certifications - aws or azure certification is a plus","michael osei email: r0769@email.com skills computer vision, docker, rest apis, elasticsearch, agile, sql, github actions, python, java, git education ba business information systems, king's college london (2017) work experience junior developer at cloudbase ltd (2017-2018): applied rest apis and rest apis to deliver projects. | software engineer at starline systems (2016-2019): applied python and sql to deliver projects. certifications oracle certified java programmer, comptia security+","computer vision, docker, rest apis, elasticsearch, agile, sql, github actions, python, java, git","ba business information systems, king's college london (2017)",junior developer at cloudbase ltd (2017-2018): applied rest apis and rest apis to deliver projects. | software engineer at starline systems (2016-2019): applied python and sql to deliver projects.,"oracle certified java programmer, comptia security+",Male,White,1,0.6581514,0.47217232,0.24938895,0.48037958,0.34681875,14.0,0
JOB002,R0772,"job title: software engineer company: innovatesoft about the role: we are looking for a talented software engineer to build scalable backend systems and contribute to our microservices architecture. responsibilities: - design and implement restful apis - write clean, testable code with good documentation - participate in code reviews and agile ceremonies - collaborate with devops for ci/cd pipelines requirements: skills - strong programming skills in python or java - experience with rest apis and microservices - familiarity with docker and containerisation - version control with git - sql and database design education - bsc in computer science, software engineering or equivalent experience - 1-3 years in a software development role - agile/scrum experience preferred certifications - aws or azure certification is a plus","john miller email: r0772@email.com skills ansible, java, git, agile, bigquery, docker education ba business information systems, coventry university (2012) work experience full stack developer at starline systems (2017-2018): applied java and docker to deliver projects. | data engineer at innovatesoft (2022-2023): applied git and bigquery to deliver projects. | machine learning engineer at quantum analytics (2022-2025): applied git and bigquery to deliver projects. certifications agile scrum master","ansible, java, git, agile, bigquery, docker","ba business information systems, coventry university (2012)",full stack developer at starline systems (2017-2018): applied java and docker to deliver projects. | data engineer at innovatesoft (2022-2023): applied git and bigquery to deliver projects. | machine learning engineer at quantum analytics (2022-2025): applied git and bigquery to deliver projects.,agile scrum master,Male,White,1,0.6530465,0.44385427,0.25998014,0.521888,0.40476924,15.0,0
JOB002,R0933,"job title: software engineer company: innovatesoft about the role: we are looking for a talented software engineer to build scalable backend systems and contribute to our microservices architecture. responsibilities: - design and implement restful apis - write clean, testable code with good documentation - participate in code reviews and agile ceremonies - collaborate with devops for ci/cd pipelines requirements: skills - strong programming skills in python or java - experience with rest apis and microservices - familiarity with docker and containerisation - version control with git - sql and database design education - bsc in computer science, software engineering or equivalent experience - 1-3 years in a software development role - agile/scrum experience preferred certifications - aws or azure certification is a plus","robert zhang email: r0933@email.com skills c++, numpy, hadoop, unit testing, rest apis, github actions, sql, git, java education beng information technology, northumbria university (2014) work experience junior developer at starline systems (2017-2019): applied hadoop and sql to deliver projects. | backend developer at acme digital (2022-2024): applied hadoop and sql to deliver projects. | backend developer at nexgen analytics (2015-2017): applied git and java to deliver projects. certifications aws machine learning specialty","c++, numpy, hadoop, unit testing, rest apis, github actions, sql, git, java","beng information technology, northumbria university (2014)",junior developer at starline systems (2017-2019): applied hadoop and sql to deliver projects. | backend developer at acme digital (2022-2024): applied hadoop and sql to deliver projects. | backend developer at nexgen analytics (2015-2017): applied git and java to deliver projects.,aws machine learning specialty,Male,White,1,0.6511572,0.3805473,0.233239,0.47460896,0.45766932,16.0,0
JOB002,R1272,"job title: software engineer company: innovatesoft about the role: we are looking for a talented software engineer to build scalable backend systems and contribute to our microservices architecture. responsibilities: - design and implement restful apis - write clean, testable code with good documentation - participate in code reviews and agile ceremonies - collaborate with devops for ci/cd pipelines requirements: skills - strong programming skills in python or java - experience with rest apis and microservices - familiarity with docker and containerisation - version control with git - sql and database design education - bsc in computer science, software engineering or equivalent experience - 1-3 years in a software development role - agile/scrum experience preferred certifications - aws or azure certification is a plus","aisha diallo email: r1272@email.com skills nlp, git, python, sql, tensorflow, bash, pandas, docker, javascript, react education bsc software engineering, university of warwick (2024) work experience data analyst at quantum analytics (2017-2020): applied javascript and tensorflow to deliver projects. | data engineer at globaltech systems (2021-2023): applied pandas and javascript to deliver projects. certifications aws machine learning specialty, microsoft azure fundamentals, aws certified developer","nlp, git, python, sql, tensorflow, bash, pandas, docker, javascript, react","bsc software engineering, university of warwick (2024)",data analyst at quantum analytics (2017-2020): applied javascript and tensorflow to deliver projects. | data engineer at globaltech systems (2021-2023): applied pandas and javascript to deliver projects.,"aws machine learning specialty, microsoft azure fundamentals, aws certified developer",Female,White,1,0.6455616,0.29092124,0.42936397,0.37070173,0.5900201,17.0,0
JOB002,R0715,"job title: software engineer company: innovatesoft about the role: we are looking for a talented software engineer to build scalable backend systems and contribute to our microservices architecture. responsibilities: - design and implement restful apis - write clean, testable code with good documentation - participate in code reviews and agile ceremonies - collaborate with devops for ci/cd pipelines requirements: skills - strong programming skills in python or java - experience with rest apis and microservices - familiarity with docker and containerisation - version control with git - sql and database design education - bsc in computer science, software engineering or equivalent experience - 1-3 years in a software development role - agile/scrum experience preferred certifications - aws or azure certification is a plus","mary wang email: r0715@email.com skills aws, postgresql, typescript, sql, jenkins, git, rest apis, java, docker education bsc statistics, coventry university (2016) work experience backend developer at techcorp ltd (2022-2023): applied docker and docker to deliver projects. | software engineer at globaltech systems (2015-2018): applied git and jenkins to deliver projects. certifications pmp project management","aws, postgresql, typescript, sql, jenkins, git, rest apis, java, docker","bsc statistics, coventry university (2016)",backend developer at techcorp ltd (2022-2023): applied docker and docker to deliver projects. | software engineer at globaltech systems (2015-2018): applied git and jenkins to deliver projects.,pmp project management,Female,White,1,0.64371777,0.47222698,0.18693188,0.47304672,0.1593095,18.0,0
JOB002,R1599,"job title: software engineer company: innovatesoft about the role: we are looking for a talented software engineer to build scalable backend systems and contribute to our microservices architecture. responsibilities: - design and implement restful apis - write clean, testable code with good documentation - participate in code reviews and agile ceremonies - collaborate with devops for ci/cd pipelines requirements: skills - strong programming skills in python or java - experience with rest apis and microservices - familiarity with docker and containerisation - version control with git - sql and database design education - bsc in computer science, software engineering or equivalent experience - 1-3 years in a software development role - agile/scrum experience preferred certifications - aws or azure certification is a plus","olivia moore email: r1599@email.com skills azure, docker, hadoop, git, kafka education msc artificial intelligence, university of birmingham (2020) work experience backend developer at nexgen analytics (2022-2025): applied git and git to deliver projects. certifications tableau desktop specialist, tensorflow developer certificate","azure, docker, hadoop, git, kafka","msc artificial intelligence, university of birmingham (2020)",backend developer at nexgen analytics (2022-2025): applied git and git to deliver projects.,"tableau desktop specialist, tensorflow developer certificate",Female,White,0,0.6397574,0.42369497,0.22438148,0.3890642,0.31077135,19.0,0
JOB002,R1099,"job title: software engineer company: innovatesoft about the role: we are looking for a talented software engineer to build scalable backend systems and contribute to our microservices architecture. responsibilities: - design and implement restful apis - write clean, testable code with good documentation - participate in code reviews and agile ceremonies - collaborate with devops for ci/cd pipelines requirements: skills - strong programming skills in python or java - experience with rest apis and microservices - familiarity with docker and containerisation - version control with git - sql and database design education - bsc in computer science, software engineering or equivalent experience - 1-3 years in a software development role - agile/scrum experience preferred certifications - aws or azure certification is a plus","linda rodriguez email: r1099@email.com skills docker, typescript, ci/cd, java, numpy education msc computer science, northumbria university (2017) work experience systems analyst at gamma digital (2022-2023): applied typescript and java to deliver projects. | devops engineer at cloudbase ltd (2017-2020): applied docker and numpy to deliver projects. | data engineer at innovatesoft (2016-2017): applied java and numpy to deliver projects. certifications certified ethical hacker, aws solutions architect","docker, typescript, ci/cd, java, numpy","msc computer science, northumbria university (2017)",systems analyst at gamma digital (2022-2023): applied typescript and java to deliver projects. | devops engineer at cloudbase ltd (2017-2020): applied docker and numpy to deliver projects. | data engineer at innovatesoft (2016-2017): applied java and numpy to deliver projects.,"certified ethical hacker, aws solutions architect",Female,White,0,0.6365289,0.2641924,0.19117855,0.46728382,0.52239835,20.0,0
JOB002,R0192,"job title: software engineer company: innovatesoft about the role: we are looking for a talented software engineer to build scalable backend systems and contribute to our microservices architecture. responsibilities: - design and implement restful apis - write clean, testable code with good documentation - participate in code reviews and agile ceremonies - collaborate with devops for ci/cd pipelines requirements: skills - strong programming skills in python or java - experience with rest apis and microservices - familiarity with docker and containerisation - version control with git - sql and database design education - bsc in computer science, software engineering or equivalent experience - 1-3 years in a software development role - agile/scrum experience preferred certifications - aws or azure certification is a plus","oliver osei email: r0192@email.com skills python, rest apis, big data, javascript, mongodb, tensorflow, agile, airflow, r, sql education ba business information systems, university of sheffield (2018) work experience full stack developer at techcorp ltd (2021-2024): applied sql and airflow to deliver projects. certifications google cloud professional, certified kubernetes administrator","python, rest apis, big data, javascript, mongodb, tensorflow, agile, airflow, r, sql","ba business information systems, university of sheffield (2018)",full stack developer at techcorp ltd (2021-2024): applied sql and airflow to deliver projects.,"google cloud professional, certified kubernetes administrator",Male,White,1,0.63557744,0.41082263,0.28107285,0.47161984,0.40971446,21.0,0
JOB002,R1398,"job title: software engineer company: innovatesoft about the role: we are looking for a talented software engineer to build scalable backend systems and contribute to our microservices architecture. responsibilities: - design and implement restful apis - write clean, testable code with good documentation - participate in code reviews and agile ceremonies - collaborate with devops for ci/cd pipelines requirements: skills - strong programming skills in python or java - experience with rest apis and microservices - familiarity with docker and containerisation - version control with git - sql and database design education - bsc in computer science, software engineering or equivalent experience - 1-3 years in a software development role - agile/scrum experience preferred certifications - aws or azure certification is a plus","olivia thomas email: r1398@email.com skills agile, javascript, r, sql education bsc data science, university of greenwich (2024) work experience qa engineer at quantum analytics (2015-2017): applied sql and agile to deliver projects. | systems analyst at nexgen analytics (2019-2022): applied r and r to deliver projects. certifications google cloud professional, aws solutions architect","agile, javascript, r, sql","bsc data science, university of greenwich (2024)",qa engineer at quantum analytics (2015-2017): applied sql and agile to deliver projects. | systems analyst at nexgen analytics (2019-2022): applied r and r to deliver projects.,"google cloud professional, aws solutions architect",Female,White,0,0.62935644,0.32496816,0.25545108,0.4528873,0.4997003,22.0,0
JOB002,R0590,"job title: software engineer company: innovatesoft about the role: we are looking for a talented software engineer to build scalable backend systems and contribute to our microservices architecture. responsibilities: - design and implement restful apis - write clean, testable code with good documentation - participate in code reviews and agile ceremonies - collaborate with devops for ci/cd pipelines requirements: skills - strong programming skills in python or java - experience with rest apis and microservices - familiarity with docker and containerisation - version control with git - sql and database design education - bsc in computer science, software engineering or equivalent experience - 1-3 years in a software development role - agile/scrum experience preferred certifications - aws or azure certification is a plus","james patel email: r0590@email.com skills tableau, aws, sql, docker education bsc statistics, university of leeds (2021) work experience software engineer at alphatech (2017-2020): applied aws and tableau to deliver projects. | junior developer at byteforge (2019-2021): applied tableau and sql to deliver projects. | machine learning engineer at starline systems (2019-2021): applied docker and docker to deliver projects. certifications microsoft azure fundamentals, databricks certified associate, tensorflow developer certificate","tableau, aws, sql, docker","bsc statistics, university of leeds (2021)",software engineer at alphatech (2017-2020): applied aws and tableau to deliver projects. | junior developer at byteforge (2019-2021): applied tableau and sql to deliver projects. | machine learning engineer at starline systems (2019-2021): applied docker and docker to deliver projects.,"microsoft azure fundamentals, databricks certified associate, tensorflow developer certificate",Male,White,0,0.62711287,0.31894058,0.22843704,0.5041016,0.5139254,23.0,0
JOB002,R1248,"job title: software engineer company: innovatesoft about the role: we are looking for a talented software engineer to build scalable backend systems and contribute to our microservices architecture. responsibilities: - design and implement restful apis - write clean, testable code with good documentation - participate in code reviews and agile ceremonies - collaborate with devops for ci/cd pipelines requirements: skills - strong programming skills in python or java - experience with rest apis and microservices - familiarity with docker and containerisation - version control with git - sql and database design education - bsc in computer science, software engineering or equivalent experience - 1-3 years in a software development role - agile/scrum experience preferred certifications - aws or azure certification is a plus","aisha walker email: r1248@email.com skills numpy, java, git, sql, etl, python, deep learning, hadoop, jenkins, docker education bsc cybersecurity, northumbria university (2010) work experience qa engineer at starline systems (2016-2019): applied deep learning and git to deliver projects. | machine learning engineer at prismdata ltd (2015-2018): applied deep learning and java to deliver projects. certifications databricks certified associate, aws certified developer","numpy, java, git, sql, etl, python, deep learning, hadoop, jenkins, docker","bsc cybersecurity, northumbria university (2010)",qa engineer at starline systems (2016-2019): applied deep learning and git to deliver projects. | machine learning engineer at prismdata ltd (2015-2018): applied deep learning and java to deliver projects.,"databricks certified associate, aws certified developer",Female,Other,1,0.62549555,0.43136412,0.2418244,0.45110768,0.48390725,24.0,0
JOB002,R0466,"job title: software engineer company: innovatesoft about the role: we are looking for a talented software engineer to build scalable backend systems and contribute to our microservices architecture. responsibilities: - design and implement restful apis - write clean, testable code with good documentation - participate in code reviews and agile ceremonies - collaborate with devops for ci/cd pipelines requirements: skills - strong programming skills in python or java - experience with rest apis and microservices - familiarity with docker and containerisation - version control with git - sql and database design education - bsc in computer science, software engineering or equivalent experience - 1-3 years in a software development role - agile/scrum experience preferred certifications - aws or azure certification is a plus","marcus garcia email: r0466@email.com skills django, sql, ansible, javascript, node.js, model deployment, etl education bsc statistics, city university of london (2021) work experience full stack developer at innovatesoft (2020-2021): applied sql and node.js to deliver projects. certifications tableau desktop specialist","django, sql, ansible, javascript, node.js, model deployment, etl","bsc statistics, city university of london (2021)",full stack developer at innovatesoft (2020-2021): applied sql and node.js to deliver projects.,tableau desktop specialist,Male,Black,0,0.62507945,0.35990286,0.1916127,0.44185004,0.18198669,25.0,0
JOB002,R0371,"job title: software engineer company: innovatesoft about the role: we are looking for a talented software engineer to build scalable backend systems and contribute to our microservices architecture. responsibilities: - design and implement restful apis - write clean, testable code with good documentation - participate in code reviews and agile ceremonies - collaborate with devops for ci/cd pipelines requirements: skills - strong programming skills in python or java - experience with rest apis and microservices - familiarity with docker and containerisation - version control with git - sql and database design education - bsc in computer science, software engineering or equivalent experience - 1-3 years in a software development role - agile/scrum experience preferred certifications - aws or azure certification is a plus","sophia harris email: r0371@email.com skills java, mongodb, sql, javascript, node.js, docker, elasticsearch, rest apis, git, etl, pandas education bsc cybersecurity, coventry university (2015) work experience systems analyst at innovatesoft (2019-2022): applied java and mongodb to deliver projects. certifications comptia security+, certified ethical hacker, aws certified developer","java, mongodb, sql, javascript, node.js, docker, elasticsearch, rest apis, git, etl, pandas","bsc cybersecurity, coventry university (2015)",systems analyst at innovatesoft (2019-2022): applied java and mongodb to deliver projects.,"comptia security+, certified ethical hacker, aws certified developer",Female,White,1,0.62097263,0.36184257,0.29815465,0.31803843,0.48686707,26.0,0
JOB002,R0341,"job title: software engineer company: innovatesoft about the role: we are looking for a talented software engineer to build scalable backend systems and contribute to our microservices architecture. responsibilities: - design and implement restful apis - write clean, testable code with good documentation - participate in code reviews and agile ceremonies - collaborate with devops for ci/cd pipelines requirements: skills - strong programming skills in python or java - experience with rest apis and microservices - familiarity with docker and containerisation - version control with git - sql and database design education - bsc in computer science, software engineering or equivalent experience - 1-3 years in a software development role - agile/scrum experience preferred certifications - aws or azure certification is a plus","barbara moore email: r0341@email.com skills python, tableau, agile, rest apis, machine learning, git, unit testing, java, microservices, redis education bsc mathematics, university of leeds (2010) work experience systems analyst at techcorp ltd (2022-2023): applied python and python to deliver projects. | devops engineer at starline systems (2019-2020): applied unit testing and tableau to deliver projects. certifications microsoft azure fundamentals, comptia security+","python, tableau, agile, rest apis, machine learning, git, unit testing, java, microservices, redis","bsc mathematics, university of leeds (2010)",systems analyst at techcorp ltd (2022-2023): applied python and python to deliver projects. | devops engineer at starline systems (2019-2020): applied unit testing and tableau to deliver projects.,"microsoft azure fundamentals, comptia security+",Female,White,1,0.6199346,0.49516058,0.18346195,0.45350456,0.29103518,27.0,0
JOB002,R1311,"job title: software engineer company: innovatesoft about the role: we are looking for a talented software engineer to build scalable backend systems and contribute to our microservices architecture. responsibilities: - design and implement restful apis - write clean, testable code with good documentation - participate in code reviews and agile ceremonies - collaborate with devops for ci/cd pipelines requirements: skills - strong programming skills in python or java - experience with rest apis and microservices - familiarity with docker and containerisation - version control with git - sql and database design education - bsc in computer science, software engineering or equivalent experience - 1-3 years in a software development role - agile/scrum experience preferred certifications - aws or azure certification is a plus","kwame taylor email: r1311@email.com skills python, git, javascript, docker, big data, rest apis, java, fastapi, etl education beng information technology, northumbria university (2023) work experience machine learning engineer at prismdata ltd (2019-2020): applied git and python to deliver projects. certifications google cloud professional, pmp project management","python, git, javascript, docker, big data, rest apis, java, fastapi, etl","beng information technology, northumbria university (2023)",machine learning engineer at prismdata ltd (2019-2020): applied git and python to deliver projects.,"google cloud professional, pmp project management",Male,White,1,0.6197803,0.39955857,0.2476418,0.40360373,0.26610845,28.0,0
JOB002,R1114,"job title: software engineer company: innovatesoft about the role: we are looking for a talented software engineer to build scalable backend systems and contribute to our microservices architecture. responsibilities: - design and implement restful apis - write clean, testable code with good documentation - participate in code reviews and agile ceremonies - collaborate with devops for ci/cd pipelines requirements: skills - strong programming skills in python or java - experience with rest apis and microservices - familiarity with docker and containerisation - version control with git - sql and database design education - bsc in computer science, software engineering or equivalent experience - 1-3 years in a software development role - agile/scrum experience preferred certifications - aws or azure certification is a plus","joseph lopez email: r1114@email.com skills numpy, big data, pandas, redshift, sql, rest apis, github actions education bsc cybersecurity, university of leeds (2019) work experience software engineer at betaworks (2019-2020): applied sql and sql to deliver projects. | systems analyst at quantum analytics (2019-2022): applied numpy and redshift to deliver projects. certifications oracle certified java programmer, aws certified developer","numpy, big data, pandas, redshift, sql, rest apis, github actions","bsc cybersecurity, university of leeds (2019)",software engineer at betaworks (2019-2020): applied sql and sql to deliver projects. | systems analyst at quantum analytics (2019-2022): applied numpy and redshift to deliver projects.,"oracle certified java programmer, aws certified developer",Male,White,0,0.61714435,0.2464251,0.2921043,0.444826,0.5653664,29.0,0
JOB002,R1682,"job title: software engineer company: innovatesoft about the role: we are looking for a talented software engineer to build scalable backend systems and contribute to our microservices architecture. responsibilities: - design and implement restful apis - write clean, testable code with good documentation - participate in code reviews and agile ceremonies - collaborate with devops for ci/cd pipelines requirements: skills - strong programming skills in python or java - experience with rest apis and microservices - familiarity with docker and containerisation - version control with git - sql and database design education - bsc in computer science, software engineering or equivalent experience - 1-3 years in a software development role - agile/scrum experience preferred certifications - aws or azure certification is a plus","linda garcia email: r1682@email.com skills django, pandas, sql, node.js, tableau, elasticsearch, unit testing education bsc data science, university of edinburgh (2010) work experience devops engineer at quantum analytics (2019-2021): applied sql and elasticsearch to deliver projects. certifications none","django, pandas, sql, node.js, tableau, elasticsearch, unit testing","bsc data science, university of edinburgh (2010)",devops engineer at quantum analytics (2019-2021): applied sql and elasticsearch to deliver projects.,,Female,White,0,0.61581254,0.30530506,0.20496012,0.47712204,0.09849911,30.0,0
JOB002,R1387,"job title: software engineer company: innovatesoft about the role: we are looking for a talented software engineer to build scalable backend systems and contribute to our microservices architecture. responsibilities: - design and implement restful apis - write clean, testable code with good documentation - participate in code reviews and agile ceremonies - collaborate with devops for ci/cd pipelines requirements: skills - strong programming skills in python or java - experience with rest apis and microservices - familiarity with docker and containerisation - version control with git - sql and database design education - bsc in computer science, software engineering or equivalent experience - 1-3 years in a software development role - agile/scrum experience preferred certifications - aws or azure certification is a plus","aisha zhang email: r1387@email.com skills docker, python, sql, git, microservices, computer vision, kubernetes education msc computer science, university of edinburgh (2017) work experience machine learning engineer at byteforge (2022-2025): applied docker and sql to deliver projects. | systems analyst at gamma digital (2016-2018): applied python and docker to deliver projects. | devops engineer at starline systems (2018-2020): applied git and kubernetes to deliver projects. certifications none","docker, python, sql, git, microservices, computer vision, kubernetes","msc computer science, university of edinburgh (2017)",machine learning engineer at byteforge (2022-2025): applied docker and sql to deliver projects. | systems analyst at gamma digital (2016-2018): applied python and docker to deliver projects. | devops engineer at starline systems (2018-2020): applied git and kubernetes to deliver projects.,,Female,White,1,0.61037517,0.4488429,0.2086381,0.54442626,0.09849908,31.0,0
JOB002,R1469,"job title: software engineer company: innovatesoft about the role: we are looking for a talented software engineer to build scalable backend systems and contribute to our microservices architecture. responsibilities: - design and implement restful apis - write clean, testable code with good documentation - participate in code reviews and agile ceremonies - collaborate with devops for ci/cd pipelines requirements: skills - strong programming skills in python or java - experience with rest apis and microservices - familiarity with docker and containerisation - version control with git - sql and database design education - bsc in computer science, software engineering or equivalent experience - 1-3 years in a software development role - agile/scrum experience preferred certifications - aws or azure certification is a plus","susan white email: r1469@email.com skills redis, java, data visualisation, aws, rest apis, javascript, sql, docker, git, scikit-learn, mongodb, agile, python education ba business information systems, university of manchester (2015) work experience devops engineer at globaltech systems (2020-2022): applied mongodb and git to deliver projects. | data analyst at gamma digital (2021-2022): applied data visualisation and java to deliver projects. | data engineer at vertex solutions (2019-2021): applied java and agile to deliver projects. certifications none","redis, java, data visualisation, aws, rest apis, javascript, sql, docker, git, scikit-learn, mongodb, agile, python","ba business information systems, university of manchester (2015)",devops engineer at globaltech systems (2020-2022): applied mongodb and git to deliver projects. | data analyst at gamma digital (2021-2022): applied data visualisation and java to deliver projects. | data engineer at vertex solutions (2019-2021): applied java and agile to deliver projects.,,Female,Hispanic,1,0.60645616,0.44995672,0.28365096,0.5350695,0.09849908,32.0,0
JOB002,R0178,"job title: software engineer company: innovatesoft about the role: we are looking for a talented software engineer to build scalable backend systems and contribute to our microservices architecture. responsibilities: - design and implement restful apis - write clean, testable code with good documentation - participate in code reviews and agile ceremonies - collaborate with devops for ci/cd pipelines requirements: skills - strong programming skills in python or java - experience with rest apis and microservices - familiarity with docker and containerisation - version control with git - sql and database design education - bsc in computer science, software engineering or equivalent experience - 1-3 years in a software development role - agile/scrum experience preferred certifications - aws or azure certification is a plus","joseph nguyen email: r0178@email.com skills linux, agile, rest apis, docker, bash, unit testing, java, git education bsc software engineering, university of leeds (2010) work experience data analyst at gamma digital (2022-2025): applied rest apis and bash to deliver projects. | qa engineer at prismdata ltd (2017-2019): applied git and bash to deliver projects. certifications none","linux, agile, rest apis, docker, bash, unit testing, java, git","bsc software engineering, university of leeds (2010)",data analyst at gamma digital (2022-2025): applied rest apis and bash to deliver projects. | qa engineer at prismdata ltd (2017-2019): applied git and bash to deliver projects.,,Male,White,1,0.6059483,0.44037017,0.3653875,0.41412413,0.09849911,33.0,0
JOB002,R0661,"job title: software engineer company: innovatesoft about the role: we are looking for a talented software engineer to build scalable backend systems and contribute to our microservices architecture. responsibilities: - design and implement restful apis - write clean, testable code with good documentation - participate in code reviews and agile ceremonies - collaborate with devops for ci/cd pipelines requirements: skills - strong programming skills in python or java - experience with rest apis and microservices - familiarity with docker and containerisation - version control with git - sql and database design education - bsc in computer science, software engineering or equivalent experience - 1-3 years in a software development role - agile/scrum experience preferred certifications - aws or azure certification is a plus","sophia martinez email: r0661@email.com skills system design, agile, spark, power bi, docker education beng information technology, university of sheffield (2022) work experience full stack developer at byteforge (2021-2023): applied power bi and docker to deliver projects. certifications tensorflow developer certificate, comptia security+, pmp project management","system design, agile, spark, power bi, docker","beng information technology, university of sheffield (2022)",full stack developer at byteforge (2021-2023): applied power bi and docker to deliver projects.,"tensorflow developer certificate, comptia security+, pmp project management",Female,White,0,0.6004897,0.37793523,0.2660896,0.33667737,0.3221472,34.0,0
JOB002,R0472,"job title: software engineer company: innovatesoft about the role: we are looking for a talented software engineer to build scalable backend systems and contribute to our microservices architecture. responsibilities: - design and implement restful apis - write clean, testable code with good documentation - participate in code reviews and agile ceremonies - collaborate with devops for ci/cd pipelines requirements: skills - strong programming skills in python or java - experience with rest apis and microservices - familiarity with docker and containerisation - version control with git - sql and database design education - bsc in computer science, software engineering or equivalent experience - 1-3 years in a software development role - agile/scrum experience preferred certifications - aws or azure certification is a plus","lisa jackson email: r0472@email.com skills python, statistics, java, bigquery, rest apis, pytorch, agile, sql education bsc data science, university of greenwich (2013) work experience qa engineer at innovatesoft (2017-2020): applied bigquery and python to deliver projects. certifications aws certified developer","python, statistics, java, bigquery, rest apis, pytorch, agile, sql","bsc data science, university of greenwich (2013)",qa engineer at innovatesoft (2017-2020): applied bigquery and python to deliver projects.,aws certified developer,Female,White,1,0.60015535,0.397272,0.20843656,0.4100344,0.5608555,35.0,0
JOB002,R0409,"job title: software engineer company: innovatesoft about the role: we are looking for a talented software engineer to build scalable backend systems and contribute to our microservices architecture. responsibilities: - design and implement restful apis - write clean, testable code with good documentation - participate in code reviews and agile ceremonies - collaborate with devops for ci/cd pipelines requirements: skills - strong programming skills in python or java - experience with rest apis and microservices - familiarity with docker and containerisation - version control with git - sql and database design education - bsc in computer science, software engineering or equivalent experience - 1-3 years in a software development role - agile/scrum experience preferred certifications - aws or azure certification is a plus","jennifer walker email: r0409@email.com skills github actions, agile, linux education bsc cybersecurity, university of sheffield (2020) work experience machine learning engineer at betaworks (2021-2022): applied github actions and github actions to deliver projects. certifications google professional data engineer, tensorflow developer certificate, aws certified developer","github actions, agile, linux","bsc cybersecurity, university of sheffield (2020)",machine learning engineer at betaworks (2021-2022): applied github actions and github actions to deliver projects.,"google professional data engineer, tensorflow developer certificate, aws certified developer",Female,White,0,0.5985616,0.25213787,0.2994166,0.3044789,0.5936204,36.0,0
JOB002,R1677,"job title: software engineer company: innovatesoft about the role: we are looking for a talented software engineer to build scalable backend systems and contribute to our microservices architecture. responsibilities: - design and implement restful apis - write clean, testable code with good documentation - participate in code reviews and agile ceremonies - collaborate with devops for ci/cd pipelines requirements: skills - strong programming skills in python or java - experience with rest apis and microservices - familiarity with docker and containerisation - version control with git - sql and database design education - bsc in computer science, software engineering or equivalent experience - 1-3 years in a software development role - agile/scrum experience preferred certifications - aws or azure certification is a plus","aisha lee email: r1677@email.com skills scikit-learn, python, spark, java, git, nlp, statistics, rest apis, sql, pytorch education bsc computer science, university of edinburgh (2016) work experience full stack developer at quantum analytics (2017-2020): applied nlp and git to deliver projects. | machine learning engineer at nexgen analytics (2015-2017): applied spark and java to deliver projects. | systems analyst at starline systems (2016-2018): applied python and statistics to deliver projects. certifications aws solutions architect","scikit-learn, python, spark, java, git, nlp, statistics, rest apis, sql, pytorch","bsc computer science, university of edinburgh (2016)",full stack developer at quantum analytics (2017-2020): applied nlp and git to deliver projects. | machine learning engineer at nexgen analytics (2015-2017): applied spark and java to deliver projects. | systems analyst at starline systems (2016-2018): applied python and statistics to deliver projects.,aws solutions architect,Female,White,1,0.59545875,0.26912093,0.26330847,0.4670323,0.47186503,37.0,0
JOB002,R0045,"job title: software engineer company: innovatesoft about the role: we are looking for a talented software engineer to build scalable backend systems and contribute to our microservices architecture. responsibilities: - design and implement restful apis - write clean, testable code with good documentation - participate in code reviews and agile ceremonies - collaborate with devops for ci/cd pipelines requirements: skills - strong programming skills in python or java - experience with rest apis and microservices - familiarity with docker and containerisation - version control with git - sql and database design education - bsc in computer science, software engineering or equivalent experience - 1-3 years in a software development role - agile/scrum experience preferred certifications - aws or azure certification is a plus","carlos lee email: r0045@email.com skills sql, statistics, java, pandas, typescript education msc artificial intelligence, university of bristol (2015) work experience qa engineer at globaltech systems (2015-2018): applied java and java to deliver projects. certifications oracle certified java programmer","sql, statistics, java, pandas, typescript","msc artificial intelligence, university of bristol (2015)",qa engineer at globaltech systems (2015-2018): applied java and java to deliver projects.,oracle certified java programmer,Male,Hispanic,0,0.59397733,0.1547612,0.19356164,0.4402884,0.38875365,38.0,0
JOB002,R1428,"job title: software engineer company: innovatesoft about the role: we are looking for a talented software engineer to build scalable backend systems and contribute to our microservices architecture. responsibilities: - design and implement restful apis - write clean, testable code with good documentation - participate in code reviews and agile ceremonies - collaborate with devops for ci/cd pipelines requirements: skills - strong programming skills in python or java - experience with rest apis and microservices - familiarity with docker and containerisation - version control with git - sql and database design education - bsc in computer science, software engineering or equivalent experience - 1-3 years in a software development role - agile/scrum experience preferred certifications - aws or azure certification is a plus","quinn white email: r1428@email.com skills docker, java, hadoop, sql, python, kafka, javascript, agile education bsc data science, university of hertfordshire (2019) work experience full stack developer at nexgen analytics (2016-2017): applied javascript and kafka to deliver projects. | junior developer at betaworks (2021-2022): applied javascript and hadoop to deliver projects. certifications databricks certified associate, agile scrum master","docker, java, hadoop, sql, python, kafka, javascript, agile","bsc data science, university of hertfordshire (2019)",full stack developer at nexgen analytics (2016-2017): applied javascript and kafka to deliver projects. | junior developer at betaworks (2021-2022): applied javascript and hadoop to deliver projects.,"databricks certified associate, agile scrum master",Non-binary,White,1,0.59393144,0.45656854,0.22472548,0.41074014,0.5355129,39.0,0
JOB002,R0083,"job title: software engineer company: innovatesoft about the role: we are looking for a talented software engineer to build scalable backend systems and contribute to our microservices architecture. responsibilities: - design and implement restful apis - write clean, testable code with good documentation - participate in code reviews and agile ceremonies - collaborate with devops for ci/cd pipelines requirements: skills - strong programming skills in python or java - experience with rest apis and microservices - familiarity with docker and containerisation - version control with git - sql and database design education - bsc in computer science, software engineering or equivalent experience - 1-3 years in a software development role - agile/scrum experience preferred certifications - aws or azure certification is a plus","fatima brown email: r0083@email.com skills python, unit testing, java, rest apis, tableau, postgresql, agile, docker, sql, javascript, git education bsc mathematics, de montfort university (2022) work experience backend developer at gamma digital (2016-2017): applied sql and postgresql to deliver projects. certifications google professional data engineer, certified ethical hacker, databricks certified associate","python, unit testing, java, rest apis, tableau, postgresql, agile, docker, sql, javascript, git","bsc mathematics, de montfort university (2022)",backend developer at gamma digital (2016-2017): applied sql and postgresql to deliver projects.,"google professional data engineer, certified ethical hacker, databricks certified associate",Female,Asian,1,0.59222364,0.45190838,0.19525757,0.3520161,0.51981884,40.0,0
JOB002,R0063,"job title: software engineer company: innovatesoft about the role: we are looking for a talented software engineer to build scalable backend systems and contribute to our microservices architecture. responsibilities: - design and implement restful apis - write clean, testable code with good documentation - participate in code reviews and agile ceremonies - collaborate with devops for ci/cd pipelines requirements: skills - strong programming skills in python or java - experience with rest apis and microservices - familiarity with docker and containerisation - version control with git - sql and database design education - bsc in computer science, software engineering or equivalent experience - 1-3 years in a software development role - agile/scrum experience preferred certifications - aws or azure certification is a plus","sophia thompson email: r0063@email.com skills java, spark, pandas, docker, sql, agile, rest apis, elasticsearch education bsc computer science, university of warwick (2013) work experience data analyst at nexgen analytics (2015-2017): applied sql and pandas to deliver projects. certifications none","java, spark, pandas, docker, sql, agile, rest apis, elasticsearch","bsc computer science, university of warwick (2013)",data analyst at nexgen analytics (2015-2017): applied sql and pandas to deliver projects.,,Female,White,1,0.59005433,0.43746477,0.27974147,0.26811653,0.0984991,41.0,0
JOB002,R1017,"job title: software engineer company: innovatesoft about the role: we are looking for a talented software engineer to build scalable backend systems and contribute to our microservices architecture. responsibilities: - design and implement restful apis - write clean, testable code with good documentation - participate in code reviews and agile ceremonies - collaborate with devops for ci/cd pipelines requirements: skills - strong programming skills in python or java - experience with rest apis and microservices - familiarity with docker and containerisation - version control with git - sql and database design education - bsc in computer science, software engineering or equivalent experience - 1-3 years in a software development role - agile/scrum experience preferred certifications - aws or azure certification is a plus","william taylor email: r1017@email.com skills agile, statistics, python, machine learning, redshift, sql, docker education bsc computer science, northumbria university (2023) work experience devops engineer at vertex solutions (2020-2023): applied machine learning and agile to deliver projects. | data engineer at techcorp ltd (2018-2019): applied redshift and docker to deliver projects. | machine learning engineer at cloudbase ltd (2015-2016): applied agile and redshift to deliver projects. certifications none","agile, statistics, python, machine learning, redshift, sql, docker","bsc computer science, northumbria university (2023)",devops engineer at vertex solutions (2020-2023): applied machine learning and agile to deliver projects. | data engineer at techcorp ltd (2018-2019): applied redshift and docker to deliver projects. | machine learning engineer at cloudbase ltd (2015-2016): applied agile and redshift to deliver projects.,,Male,White,1,0.5882642,0.44972575,0.27541238,0.526821,0.09849908,42.0,0
JOB002,R0457,"job title: software engineer company: innovatesoft about the role: we are looking for a talented software engineer to build scalable backend systems and contribute to our microservices architecture. responsibilities: - design and implement restful apis - write clean, testable code with good documentation - participate in code reviews and agile ceremonies - collaborate with devops for ci/cd pipelines requirements: skills - strong programming skills in python or java - experience with rest apis and microservices - familiarity with docker and containerisation - version control with git - sql and database design education - bsc in computer science, software engineering or equivalent experience - 1-3 years in a software development role - agile/scrum experience preferred certifications - aws or azure certification is a plus","susan moore email: r0457@email.com skills system design, gcp, agile, java, data visualisation, terraform, postgresql, docker, computer vision, git education msc computer science, northumbria university (2010) work experience junior developer at acme digital (2015-2018): applied docker and system design to deliver projects. | data analyst at vertex solutions (2021-2024): applied docker and gcp to deliver projects. certifications databricks certified associate","system design, gcp, agile, java, data visualisation, terraform, postgresql, docker, computer vision, git","msc computer science, northumbria university (2010)",junior developer at acme digital (2015-2018): applied docker and system design to deliver projects. | data analyst at vertex solutions (2021-2024): applied docker and gcp to deliver projects.,databricks certified associate,Female,White,1,0.5873239,0.47986254,0.20031522,0.38391727,0.35970992,43.0,0
JOB002,R1481,"job title: software engineer company: innovatesoft about the role: we are looking for a talented software engineer to build scalable backend systems and contribute to our microservices architecture. responsibilities: - design and implement restful apis - write clean, testable code with good documentation - participate in code reviews and agile ceremonies - collaborate with devops for ci/cd pipelines requirements: skills - strong programming skills in python or java - experience with rest apis and microservices - familiarity with docker and containerisation - version control with git - sql and database design education - bsc in computer science, software engineering or equivalent experience - 1-3 years in a software development role - agile/scrum experience preferred certifications - aws or azure certification is a plus","priya patel email: r1481@email.com skills sql, aws, unit testing, computer vision, feature engineering, model deployment education ba business information systems, university of sheffield (2010) work experience systems analyst at betaworks (2022-2025): applied model deployment and feature engineering to deliver projects. | full stack developer at nexgen analytics (2016-2017): applied feature engineering and aws to deliver projects. | data analyst at quantum analytics (2019-2021): applied computer vision and sql to deliver projects. certifications tableau desktop specialist","sql, aws, unit testing, computer vision, feature engineering, model deployment","ba business information systems, university of sheffield (2010)",systems analyst at betaworks (2022-2025): applied model deployment and feature engineering to deliver projects. | full stack developer at nexgen analytics (2016-2017): applied feature engineering and aws to deliver projects. | data analyst at quantum analytics (2019-2021): applied computer vision and sql to deliver projects.,tableau desktop specialist,Female,White,0,0.57968444,0.4750195,0.2686408,0.4905983,0.18198669,44.0,0
JOB002,R1362,"job title: software engineer company: innovatesoft about the role: we are looking for a talented software engineer to build scalable backend systems and contribute to our microservices architecture. responsibilities: - design and implement restful apis - write clean, testable code with good documentation - participate in code reviews and agile ceremonies - collaborate with devops for ci/cd pipelines requirements: skills - strong programming skills in python or java - experience with rest apis and microservices - familiarity with docker and containerisation - version control with git - sql and database design education - bsc in computer science, software engineering or equivalent experience - 1-3 years in a software development role - agile/scrum experience preferred certifications - aws or azure certification is a plus","mary thompson email: r1362@email.com skills statistics, python, agile, machine learning education msc artificial intelligence, university of greenwich (2024) work experience software engineer at innovatesoft (2019-2022): applied python and statistics to deliver projects. | systems analyst at starline systems (2019-2020): applied agile and statistics to deliver projects. | junior developer at innovatesoft (2015-2017): applied statistics and agile to deliver projects. certifications google cloud professional","statistics, python, agile, machine learning","msc artificial intelligence, university of greenwich (2024)",software engineer at innovatesoft (2019-2022): applied python and statistics to deliver projects. | systems analyst at starline systems (2019-2020): applied agile and statistics to deliver projects. | junior developer at innovatesoft (2015-2017): applied statistics and agile to deliver projects.,google cloud professional,Female,Other,0,0.5784093,0.34081012,0.22382803,0.5417665,0.31364226,45.0,0
JOB002,R1128,"job title: software engineer company: innovatesoft about the role: we are looking for a talented software engineer to build scalable backend systems and contribute to our microservices architecture. responsibilities: - design and implement restful apis - write clean, testable code with good documentation - participate in code reviews and agile ceremonies - collaborate with devops for ci/cd pipelines requirements: skills - strong programming skills in python or java - experience with rest apis and microservices - familiarity with docker and containerisation - version control with git - sql and database design education - bsc in computer science, software engineering or equivalent experience - 1-3 years in a software development role - agile/scrum experience preferred certifications - aws or azure certification is a plus","mei anderson email: r1128@email.com skills java, tableau, sql, git, etl, fastapi, airflow, rest apis, numpy education bsc mathematics, london metropolitan university (2020) work experience data engineer at datasolutions uk (2021-2022): applied rest apis and fastapi to deliver projects. certifications google professional data engineer, comptia security+, databricks certified associate","java, tableau, sql, git, etl, fastapi, airflow, rest apis, numpy","bsc mathematics, london metropolitan university (2020)",data engineer at datasolutions uk (2021-2022): applied rest apis and fastapi to deliver projects.,"google professional data engineer, comptia security+, databricks certified associate",Female,White,1,0.5775001,0.32882577,0.15103209,0.3983236,0.49937832,46.0,0
JOB002,R1450,"job title: software engineer company: innovatesoft about the role: we are looking for a talented software engineer to build scalable backend systems and contribute to our microservices architecture. responsibilities: - design and implement restful apis - write clean, testable code with good documentation - participate in code reviews and agile ceremonies - collaborate with devops for ci/cd pipelines requirements: skills - strong programming skills in python or java - experience with rest apis and microservices - familiarity with docker and containerisation - version control with git - sql and database design education - bsc in computer science, software engineering or equivalent experience - 1-3 years in a software development role - agile/scrum experience preferred certifications - aws or azure certification is a plus","william taylor email: r1450@email.com skills scikit-learn, react, sql, bigquery, ansible, nlp education beng information technology, university of manchester (2012) work experience backend developer at starline systems (2016-2019): applied scikit-learn and react to deliver projects. certifications microsoft azure fundamentals, pmp project management, aws machine learning specialty","scikit-learn, react, sql, bigquery, ansible, nlp","beng information technology, university of manchester (2012)",backend developer at starline systems (2016-2019): applied scikit-learn and react to deliver projects.,"microsoft azure fundamentals, pmp project management, aws machine learning specialty",Male,Black,0,0.5763818,0.2570696,0.23147403,0.33561808,0.47968268,47.0,0
JOB002,R1190,"job title: software engineer company: innovatesoft about the role: we are looking for a talented software engineer to build scalable backend systems and contribute to our microservices architecture. responsibilities: - design and implement restful apis - write clean, testable code with good documentation - participate in code reviews and agile ceremonies - collaborate with devops for ci/cd pipelines requirements: skills - strong programming skills in python or java - experience with rest apis and microservices - familiarity with docker and containerisation - version control with git - sql and database design education - bsc in computer science, software engineering or equivalent experience - 1-3 years in a software development role - agile/scrum experience preferred certifications - aws or azure certification is a plus","ava nguyen email: r1190@email.com skills rest apis, redis, sql, pytorch education bsc computer science, city university of london (2014) work experience full stack developer at datasolutions uk (2015-2017): applied rest apis and pytorch to deliver projects. certifications google cloud professional, aws solutions architect","rest apis, redis, sql, pytorch","bsc computer science, city university of london (2014)",full stack developer at datasolutions uk (2015-2017): applied rest apis and pytorch to deliver projects.,"google cloud professional, aws solutions architect",Female,White,0,0.57494235,0.21799758,0.21976045,0.31518638,0.4997003,48.0,0
JOB002,R1538,"job title: software engineer company: innovatesoft about the role: we are looking for a talented software engineer to build scalable backend systems and contribute to our microservices architecture. responsibilities: - design and implement restful apis - write clean, testable code with good documentation - participate in code reviews and agile ceremonies - collaborate with devops for ci/cd pipelines requirements: skills - strong programming skills in python or java - experience with rest apis and microservices - familiarity with docker and containerisation - version control with git - sql and database design education - bsc in computer science, software engineering or equivalent experience - 1-3 years in a software development role - agile/scrum experience preferred certifications - aws or azure certification is a plus","matthew adeyemi email: r1538@email.com skills a/b testing, sql, java, git, bigquery, python, postgresql education ba business information systems, university of bristol (2024) work experience backend developer at globaltech systems (2021-2022): applied postgresql and sql to deliver projects. certifications pmp project management","a/b testing, sql, java, git, bigquery, python, postgresql","ba business information systems, university of bristol (2024)",backend developer at globaltech systems (2021-2022): applied postgresql and sql to deliver projects.,pmp project management,Male,Black,1,0.5744154,0.32967448,0.29897037,0.37975138,0.1593095,49.0,0
JOB002,R0182,"job title: software engineer company: innovatesoft about the role: we are looking for a talented software engineer to build scalable backend systems and contribute to our microservices architecture. responsibilities: - design and implement restful apis - write clean, testable code with good documentation - participate in code reviews and agile ceremonies - collaborate with devops for ci/cd pipelines requirements: skills - strong programming skills in python or java - experience with rest apis and microservices - familiarity with docker and containerisation - version control with git - sql and database design education - bsc in computer science, software engineering or equivalent experience - 1-3 years in a software development role - agile/scrum experience preferred certifications - aws or azure certification is a plus","lisa wang email: r0182@email.com skills pytorch, python, sql, git, rest apis, unit testing, spark education msc artificial intelligence, university of leeds (2021) work experience devops engineer at alphatech (2018-2019): applied pytorch and pytorch to deliver projects. certifications agile scrum master","pytorch, python, sql, git, rest apis, unit testing, spark","msc artificial intelligence, university of leeds (2021)",devops engineer at alphatech (2018-2019): applied pytorch and pytorch to deliver projects.,agile scrum master,Female,White,1,0.5630221,0.3189317,0.1918059,0.3058101,0.40476924,50.0,0
JOB002,R0397,"job title: software engineer company: innovatesoft about the role: we are looking for a talented software engineer to build scalable backend systems and contribute to our microservices architecture. responsibilities: - design and implement restful apis - write clean, testable code with good documentation - participate in code reviews and agile ceremonies - collaborate with devops for ci/cd pipelines requirements: skills - strong programming skills in python or java - experience with rest apis and microservices - familiarity with docker and containerisation - version control with git - sql and database design education - bsc in computer science, software engineering or equivalent experience - 1-3 years in a software development role - agile/scrum experience preferred certifications - aws or azure certification is a plus","kevin tanaka email: r0397@email.com skills redis, javascript, docker, feature engineering, terraform, system design, c++ education msc artificial intelligence, king's college london (2017) work experience junior developer at techcorp ltd (2015-2018): applied redis and c++ to deliver projects. | qa engineer at datasolutions uk (2016-2017): applied javascript and redis to deliver projects. certifications pmp project management, certified kubernetes administrator, google cloud professional","redis, javascript, docker, feature engineering, terraform, system design, c++","msc artificial intelligence, king's college london (2017)",junior developer at techcorp ltd (2015-2018): applied redis and c++ to deliver projects. | qa engineer at datasolutions uk (2016-2017): applied javascript and redis to deliver projects.,"pmp project management, certified kubernetes administrator, google cloud professional",Male,White,0,0.5582193,0.43342608,0.174606,0.42527303,0.40820637,51.0,0
JOB002,R0816,"job title: software engineer company: innovatesoft about the role: we are looking for a talented software engineer to build scalable backend systems and contribute to our microservices architecture. responsibilities: - design and implement restful apis - write clean, testable code with good documentation - participate in code reviews and agile ceremonies - collaborate with devops for ci/cd pipelines requirements: skills - strong programming skills in python or java - experience with rest apis and microservices - familiarity with docker and containerisation - version control with git - sql and database design education - bsc in computer science, software engineering or equivalent experience - 1-3 years in a software development role - agile/scrum experience preferred certifications - aws or azure certification is a plus","elijah martinez email: r0816@email.com skills docker, agile, aws, fastapi, pytorch, ci/cd, redis, etl education msc artificial intelligence, de montfort university (2011) work experience junior developer at acme digital (2021-2023): applied pytorch and etl to deliver projects. certifications none","docker, agile, aws, fastapi, pytorch, ci/cd, redis, etl","msc artificial intelligence, de montfort university (2011)",junior developer at acme digital (2021-2023): applied pytorch and etl to deliver projects.,,Male,White,0,0.544791,0.41567373,0.1753926,0.28228658,0.09849913,52.0,0
JOB002,R0233,"job title: software engineer company: innovatesoft about the role: we are looking for a talented software engineer to build scalable backend systems and contribute to our microservices architecture. responsibilities: - design and implement restful apis - write clean, testable code with good documentation - participate in code reviews and agile ceremonies - collaborate with devops for ci/cd pipelines requirements: skills - strong programming skills in python or java - experience with rest apis and microservices - familiarity with docker and containerisation - version control with git - sql and database design education - bsc in computer science, software engineering or equivalent experience - 1-3 years in a software development role - agile/scrum experience preferred certifications - aws or azure certification is a plus","aisha white email: r0233@email.com skills gcp, azure, node.js, git, deep learning, fastapi, numpy education bsc software engineering, london metropolitan university (2015) work experience data engineer at starline systems (2021-2024): applied deep learning and numpy to deliver projects. certifications databricks certified associate","gcp, azure, node.js, git, deep learning, fastapi, numpy","bsc software engineering, london metropolitan university (2015)",data engineer at starline systems (2021-2024): applied deep learning and numpy to deliver projects.,databricks certified associate,Female,White,0,0.53875285,0.39803383,0.33939555,0.24138097,0.35970992,53.0,0
JOB003,R0380,"job title: machine learning engineer company: nexgen analytics about the role: join our ml platform team to build, optimise and deploy production ml systems at scale. responsibilities: - develop and fine-tune deep learning models - build ml pipelines for training and inference - optimise model performance and latency - work with large-scale distributed data requirements: skills - deep expertise in python and ml frameworks (pytorch, tensorflow) - experience with nlp, computer vision or recommendation systems - knowledge of model deployment and mlops - big data tools: spark, hadoop, or similar - docker and kubernetes education - msc or phd in computer science, machine learning or related field preferred experience - 3+ years building ml systems in production - contributions to open-source ml projects are a plus certifications - aws machine learning specialty or google cloud ml engineer preferred","jessica walker email: r0380@email.com skills pytorch, machine learning, nlp, model deployment, docker, pandas education msc computer science, northumbria university (2019) work experience software engineer at nexgen analytics (2016-2018): applied machine learning and model deployment to deliver projects. certifications google cloud professional, oracle certified java programmer","pytorch, machine learning, nlp, model deployment, docker, pandas","msc computer science, northumbria university (2019)",software engineer at nexgen analytics (2016-2018): applied machine learning and model deployment to deliver projects.,"google cloud professional, oracle certified java programmer",Female,Black,1,0.75627613,0.46200496,0.39151755,0.6103343,0.45006564,1.0,1
JOB003,R0570,"job title: machine learning engineer company: nexgen analytics about the role: join our ml platform team to build, optimise and deploy production ml systems at scale. responsibilities: - develop and fine-tune deep learning models - build ml pipelines for training and inference - optimise model performance and latency - work with large-scale distributed data requirements: skills - deep expertise in python and ml frameworks (pytorch, tensorflow) - experience with nlp, computer vision or recommendation systems - knowledge of model deployment and mlops - big data tools: spark, hadoop, or similar - docker and kubernetes education - msc or phd in computer science, machine learning or related field preferred experience - 3+ years building ml systems in production - contributions to open-source ml projects are a plus certifications - aws machine learning specialty or google cloud ml engineer preferred","aisha johnson email: r0570@email.com skills nlp, docker, c++, pytorch, aws, deep learning, model deployment, spark, java education bsc data science, london metropolitan university (2021) work experience data engineer at starline systems (2022-2024): applied nlp and deep learning to deliver projects. | full stack developer at alphatech (2015-2018): applied aws and c++ to deliver projects. | junior developer at innovatesoft (2022-2023): applied aws and java to deliver projects. certifications aws machine learning specialty, google professional data engineer, certified ethical hacker","nlp, docker, c++, pytorch, aws, deep learning, model deployment, spark, java","bsc data science, london metropolitan university (2021)",data engineer at starline systems (2022-2024): applied nlp and deep learning to deliver projects. | full stack developer at alphatech (2015-2018): applied aws and c++ to deliver projects. | junior developer at innovatesoft (2022-2023): applied aws and java to deliver projects.,"aws machine learning specialty, google professional data engineer, certified ethical hacker",Female,White,1,0.7534057,0.5252038,0.4074127,0.62219965,0.6620681,2.0,1
JOB003,R0843,"job title: machine learning engineer company: nexgen analytics about the role: join our ml platform team to build, optimise and deploy production ml systems at scale. responsibilities: - develop and fine-tune deep learning models - build ml pipelines for training and inference - optimise model performance and latency - work with large-scale distributed data requirements: skills - deep expertise in python and ml frameworks (pytorch, tensorflow) - experience with nlp, computer vision or recommendation systems - knowledge of model deployment and mlops - big data tools: spark, hadoop, or similar - docker and kubernetes education - msc or phd in computer science, machine learning or related field preferred experience - 3+ years building ml systems in production - contributions to open-source ml projects are a plus certifications - aws machine learning specialty or google cloud ml engineer preferred","emma jones email: r0843@email.com skills typescript, docker, python, data visualisation, nlp, redshift, deep learning, tensorflow, gcp, machine learning, model deployment, sql, pytorch, spark education beng information technology, university of greenwich (2023) work experience devops engineer at alphatech (2015-2018): applied deep learning and redshift to deliver projects. certifications pmp project management, aws certified developer","typescript, docker, python, data visualisation, nlp, redshift, deep learning, tensorflow, gcp, machine learning, model deployment, sql, pytorch, spark","beng information technology, university of greenwich (2023)",devops engineer at alphatech (2015-2018): applied deep learning and redshift to deliver projects.,"pmp project management, aws certified developer",Female,White,1,0.71576804,0.5143649,0.30607763,0.5832403,0.40975294,3.0,1
JOB003,R1495,"job title: machine learning engineer company: nexgen analytics about the role: join our ml platform team to build, optimise and deploy production ml systems at scale. responsibilities: - develop and fine-tune deep learning models - build ml pipelines for training and inference - optimise model performance and latency - work with large-scale distributed data requirements: skills - deep expertise in python and ml frameworks (pytorch, tensorflow) - experience with nlp, computer vision or recommendation systems - knowledge of model deployment and mlops - big data tools: spark, hadoop, or similar - docker and kubernetes education - msc or phd in computer science, machine learning or related field preferred experience - 3+ years building ml systems in production - contributions to open-source ml projects are a plus certifications - aws machine learning specialty or google cloud ml engineer preferred","sage mensah email: r1495@email.com skills r, sql, tensorflow, ansible, nlp, model deployment, linux, spark, airflow, docker, python education bsc statistics, university of warwick (2014) work experience data analyst at starline systems (2020-2022): applied r and model deployment to deliver projects. | backend developer at vertex solutions (2022-2024): applied ansible and airflow to deliver projects. | data engineer at alphatech (2019-2021): applied model deployment and tensorflow to deliver projects. certifications aws machine learning specialty, databricks certified associate, microsoft azure fundamentals","r, sql, tensorflow, ansible, nlp, model deployment, linux, spark, airflow, docker, python","bsc statistics, university of warwick (2014)",data analyst at starline systems (2020-2022): applied r and model deployment to deliver projects. | backend developer at vertex solutions (2022-2024): applied ansible and airflow to deliver projects. | data engineer at alphatech (2019-2021): applied model deployment and tensorflow to deliver projects.,"aws machine learning specialty, databricks certified associate, microsoft azure fundamentals",Non-binary,White,1,0.70856696,0.48002005,0.30039376,0.53888845,0.61123997,4.0,1
JOB003,R0746,"job title: machine learning engineer company: nexgen analytics about the role: join our ml platform team to build, optimise and deploy production ml systems at scale. responsibilities: - develop and fine-tune deep learning models - build ml pipelines for training and inference - optimise model performance and latency - work with large-scale distributed data requirements: skills - deep expertise in python and ml frameworks (pytorch, tensorflow) - experience with nlp, computer vision or recommendation systems - knowledge of model deployment and mlops - big data tools: spark, hadoop, or similar - docker and kubernetes education - msc or phd in computer science, machine learning or related field preferred experience - 3+ years building ml systems in production - contributions to open-source ml projects are a plus certifications - aws machine learning specialty or google cloud ml engineer preferred","sarah jones email: r0746@email.com skills spark, python, pytorch, deep learning, nlp, java, aws, react, feature engineering, model deployment education ba business information systems, university of warwick (2015) work experience devops engineer at cloudbase ltd (2018-2021): applied java and pytorch to deliver projects. | data analyst at globaltech systems (2020-2022): applied java and feature engineering to deliver projects. | data engineer at techcorp ltd (2020-2022): applied model deployment and nlp to deliver projects. certifications oracle certified java programmer, pmp project management, google cloud professional","spark, python, pytorch, deep learning, nlp, java, aws, react, feature engineering, model deployment","ba business information systems, university of warwick (2015)",devops engineer at cloudbase ltd (2018-2021): applied java and pytorch to deliver projects. | data analyst at globaltech systems (2020-2022): applied java and feature engineering to deliver projects. | data engineer at techcorp ltd (2020-2022): applied model deployment and nlp to deliver projects.,"oracle certified java programmer, pmp project management, google cloud professional",Female,White,1,0.7040286,0.5289185,0.34406245,0.5581127,0.4303236,5.0,1
JOB003,R0835,"job title: machine learning engineer company: nexgen analytics about the role: join our ml platform team to build, optimise and deploy production ml systems at scale. responsibilities: - develop and fine-tune deep learning models - build ml pipelines for training and inference - optimise model performance and latency - work with large-scale distributed data requirements: skills - deep expertise in python and ml frameworks (pytorch, tensorflow) - experience with nlp, computer vision or recommendation systems - knowledge of model deployment and mlops - big data tools: spark, hadoop, or similar - docker and kubernetes education - msc or phd in computer science, machine learning or related field preferred experience - 3+ years building ml systems in production - contributions to open-source ml projects are a plus certifications - aws machine learning specialty or google cloud ml engineer preferred","mei smith email: r0835@email.com skills feature engineering, scikit-learn, deep learning, machine learning, docker, python, tensorflow education beng information technology, university of leeds (2013) work experience data engineer at vertex solutions (2020-2023): applied machine learning and docker to deliver projects. | devops engineer at acme digital (2017-2020): applied deep learning and machine learning to deliver projects. certifications none","feature engineering, scikit-learn, deep learning, machine learning, docker, python, tensorflow","beng information technology, university of leeds (2013)",data engineer at vertex solutions (2020-2023): applied machine learning and docker to deliver projects. | devops engineer at acme digital (2017-2020): applied deep learning and machine learning to deliver projects.,,Female,White,1,0.70312905,0.5610814,0.31177613,0.64286894,0.10692346,6.0,1
JOB003,R1720,"job title: machine learning engineer company: nexgen analytics about the role: join our ml platform team to build, optimise and deploy production ml systems at scale. responsibilities: - develop and fine-tune deep learning models - build ml pipelines for training and inference - optimise model performance and latency - work with large-scale distributed data requirements: skills - deep expertise in python and ml frameworks (pytorch, tensorflow) - experience with nlp, computer vision or recommendation systems - knowledge of model deployment and mlops - big data tools: spark, hadoop, or similar - docker and kubernetes education - msc or phd in computer science, machine learning or related field preferred experience - 3+ years building ml systems in production - contributions to open-source ml projects are a plus certifications - aws machine learning specialty or google cloud ml engineer preferred","sophia johnson email: r1720@email.com skills nlp, gcp, etl, pytorch, unit testing, tensorflow, python, deep learning, rest apis, docker education msc artificial intelligence, university of sheffield (2012) work experience full stack developer at quantum analytics (2021-2024): applied rest apis and python to deliver projects. | data analyst at betaworks (2017-2018): applied docker and nlp to deliver projects. certifications aws machine learning specialty, comptia security+","nlp, gcp, etl, pytorch, unit testing, tensorflow, python, deep learning, rest apis, docker","msc artificial intelligence, university of sheffield (2012)",full stack developer at quantum analytics (2021-2024): applied rest apis and python to deliver projects. | data analyst at betaworks (2017-2018): applied docker and nlp to deliver projects.,"aws machine learning specialty, comptia security+",Female,White,1,0.6979567,0.4879214,0.31300107,0.44185957,0.53557754,7.0,1
JOB003,R0742,"job title: machine learning engineer company: nexgen analytics about the role: join our ml platform team to build, optimise and deploy production ml systems at scale. responsibilities: - develop and fine-tune deep learning models - build ml pipelines for training and inference - optimise model performance and latency - work with large-scale distributed data requirements: skills - deep expertise in python and ml frameworks (pytorch, tensorflow) - experience with nlp, computer vision or recommendation systems - knowledge of model deployment and mlops - big data tools: spark, hadoop, or similar - docker and kubernetes education - msc or phd in computer science, machine learning or related field preferred experience - 3+ years building ml systems in production - contributions to open-source ml projects are a plus certifications - aws machine learning specialty or google cloud ml engineer preferred","aisha moore email: r0742@email.com skills pytorch, docker, deep learning, agile, model deployment, statistics, tensorflow, spark education msc computer science, university of bristol (2023) work experience data analyst at vertex solutions (2016-2017): applied tensorflow and deep learning to deliver projects. | backend developer at acme digital (2018-2021): applied statistics and tensorflow to deliver projects. certifications aws solutions architect, pmp project management, comptia security+","pytorch, docker, deep learning, agile, model deployment, statistics, tensorflow, spark","msc computer science, university of bristol (2023)",data analyst at vertex solutions (2016-2017): applied tensorflow and deep learning to deliver projects. | backend developer at acme digital (2018-2021): applied statistics and tensorflow to deliver projects.,"aws solutions architect, pmp project management, comptia security+",Female,White,1,0.6943674,0.5616443,0.4109137,0.5247055,0.3786631,8.0,1
JOB003,R1234,"job title: machine learning engineer company: nexgen analytics about the role: join our ml platform team to build, optimise and deploy production ml systems at scale. responsibilities: - develop and fine-tune deep learning models - build ml pipelines for training and inference - optimise model performance and latency - work with large-scale distributed data requirements: skills - deep expertise in python and ml frameworks (pytorch, tensorflow) - experience with nlp, computer vision or recommendation systems - knowledge of model deployment and mlops - big data tools: spark, hadoop, or similar - docker and kubernetes education - msc or phd in computer science, machine learning or related field preferred experience - 3+ years building ml systems in production - contributions to open-source ml projects are a plus certifications - aws machine learning specialty or google cloud ml engineer preferred","patricia adeyemi email: r1234@email.com skills numpy, hadoop, scikit-learn, github actions, nlp, node.js, pytorch, deep learning, docker, spark, python education bsc data science, university of manchester (2015) work experience systems analyst at techcorp ltd (2019-2020): applied scikit-learn and deep learning to deliver projects. certifications certified ethical hacker, aws machine learning specialty, comptia security+","numpy, hadoop, scikit-learn, github actions, nlp, node.js, pytorch, deep learning, docker, spark, python","bsc data science, university of manchester (2015)",systems analyst at techcorp ltd (2019-2020): applied scikit-learn and deep learning to deliver projects.,"certified ethical hacker, aws machine learning specialty, comptia security+",Female,Hispanic,1,0.69400877,0.4925471,0.38643456,0.49689555,0.5328135,9.0,1
JOB003,R1600,"job title: machine learning engineer company: nexgen analytics about the role: join our ml platform team to build, optimise and deploy production ml systems at scale. responsibilities: - develop and fine-tune deep learning models - build ml pipelines for training and inference - optimise model performance and latency - work with large-scale distributed data requirements: skills - deep expertise in python and ml frameworks (pytorch, tensorflow) - experience with nlp, computer vision or recommendation systems - knowledge of model deployment and mlops - big data tools: spark, hadoop, or similar - docker and kubernetes education - msc or phd in computer science, machine learning or related field preferred experience - 3+ years building ml systems in production - contributions to open-source ml projects are a plus certifications - aws machine learning specialty or google cloud ml engineer preferred","daniel li email: r1600@email.com skills pytorch, numpy, computer vision, rest apis, spark, airflow, docker, node.js, python, unit testing education bsc data science, university of greenwich (2010) work experience software engineer at quantum analytics (2020-2022): applied python and spark to deliver projects. | data analyst at acme digital (2017-2018): applied docker and rest apis to deliver projects. certifications aws machine learning specialty, tensorflow developer certificate","pytorch, numpy, computer vision, rest apis, spark, airflow, docker, node.js, python, unit testing","bsc data science, university of greenwich (2010)",software engineer at quantum analytics (2020-2022): applied python and spark to deliver projects. | data analyst at acme digital (2017-2018): applied docker and rest apis to deliver projects.,"aws machine learning specialty, tensorflow developer certificate",Male,White,1,0.6937213,0.44915277,0.3799191,0.53095067,0.59624714,10.0,1
JOB003,R0730,"job title: machine learning engineer company: nexgen analytics about the role: join our ml platform team to build, optimise and deploy production ml systems at scale. responsibilities: - develop and fine-tune deep learning models - build ml pipelines for training and inference - optimise model performance and latency - work with large-scale distributed data requirements: skills - deep expertise in python and ml frameworks (pytorch, tensorflow) - experience with nlp, computer vision or recommendation systems - knowledge of model deployment and mlops - big data tools: spark, hadoop, or similar - docker and kubernetes education - msc or phd in computer science, machine learning or related field preferred experience - 3+ years building ml systems in production - contributions to open-source ml projects are a plus certifications - aws machine learning specialty or google cloud ml engineer preferred","linda brown email: r0730@email.com skills feature engineering, tensorflow, model deployment, nlp, redis, data visualisation, docker, ci/cd education msc artificial intelligence, university of sheffield (2011) work experience data analyst at starline systems (2016-2017): applied docker and redis to deliver projects. | data analyst at cloudbase ltd (2015-2017): applied redis and tensorflow to deliver projects. | data engineer at gamma digital (2016-2017): applied docker and tensorflow to deliver projects. certifications aws solutions architect, tensorflow developer certificate, google professional data engineer","feature engineering, tensorflow, model deployment, nlp, redis, data visualisation, docker, ci/cd","msc artificial intelligence, university of sheffield (2011)",data analyst at starline systems (2016-2017): applied docker and redis to deliver projects. | data analyst at cloudbase ltd (2015-2017): applied redis and tensorflow to deliver projects. | data engineer at gamma digital (2016-2017): applied docker and tensorflow to deliver projects.,"aws solutions architect, tensorflow developer certificate, google professional data engineer",Female,White,1,0.6857177,0.5334574,0.3356825,0.55178016,0.66934067,11.0,0
JOB003,R0927,"job title: machine learning engineer company: nexgen analytics about the role: join our ml platform team to build, optimise and deploy production ml systems at scale. responsibilities: - develop and fine-tune deep learning models - build ml pipelines for training and inference - optimise model performance and latency - work with large-scale distributed data requirements: skills - deep expertise in python and ml frameworks (pytorch, tensorflow) - experience with nlp, computer vision or recommendation systems - knowledge of model deployment and mlops - big data tools: spark, hadoop, or similar - docker and kubernetes education - msc or phd in computer science, machine learning or related field preferred experience - 3+ years building ml systems in production - contributions to open-source ml projects are a plus certifications - aws machine learning specialty or google cloud ml engineer preferred","kevin williams email: r0927@email.com skills gcp, kafka, data visualisation, python, model deployment, big data, react, deep learning education bsc data science, london metropolitan university (2017) work experience full stack developer at alphatech (2019-2021): applied deep learning and deep learning to deliver projects. | devops engineer at gamma digital (2019-2021): applied data visualisation and big data to deliver projects. certifications certified ethical hacker, google professional data engineer","gcp, kafka, data visualisation, python, model deployment, big data, react, deep learning","bsc data science, london metropolitan university (2017)",full stack developer at alphatech (2019-2021): applied deep learning and deep learning to deliver projects. | devops engineer at gamma digital (2019-2021): applied data visualisation and big data to deliver projects.,"certified ethical hacker, google professional data engineer",Male,White,0,0.6821686,0.48542053,0.3881774,0.60116017,0.42028996,12.0,0
JOB003,R1209,"job title: machine learning engineer company: nexgen analytics about the role: join our ml platform team to build, optimise and deploy production ml systems at scale. responsibilities: - develop and fine-tune deep learning models - build ml pipelines for training and inference - optimise model performance and latency - work with large-scale distributed data requirements: skills - deep expertise in python and ml frameworks (pytorch, tensorflow) - experience with nlp, computer vision or recommendation systems - knowledge of model deployment and mlops - big data tools: spark, hadoop, or similar - docker and kubernetes education - msc or phd in computer science, machine learning or related field preferred experience - 3+ years building ml systems in production - contributions to open-source ml projects are a plus certifications - aws machine learning specialty or google cloud ml engineer preferred","wei zhang email: r1209@email.com skills tensorflow, sql, python, terraform, model deployment, agile, airflow education bsc computer science, university of bristol (2018) work experience full stack developer at techcorp ltd (2015-2016): applied python and airflow to deliver projects. | machine learning engineer at datasolutions uk (2022-2025): applied model deployment and agile to deliver projects. | data analyst at acme digital (2021-2024): applied python and model deployment to deliver projects. certifications aws certified developer, comptia security+, microsoft azure fundamentals","tensorflow, sql, python, terraform, model deployment, agile, airflow","bsc computer science, university of bristol (2018)",full stack developer at techcorp ltd (2015-2016): applied python and airflow to deliver projects. | machine learning engineer at datasolutions uk (2022-2025): applied model deployment and agile to deliver projects. | data analyst at acme digital (2021-2024): applied python and model deployment to deliver projects.,"aws certified developer, comptia security+, microsoft azure fundamentals",Male,Hispanic,0,0.6724409,0.5163325,0.41485965,0.5729514,0.40797418,13.0,0
JOB003,R1179,"job title: machine learning engineer company: nexgen analytics about the role: join our ml platform team to build, optimise and deploy production ml systems at scale. responsibilities: - develop and fine-tune deep learning models - build ml pipelines for training and inference - optimise model performance and latency - work with large-scale distributed data requirements: skills - deep expertise in python and ml frameworks (pytorch, tensorflow) - experience with nlp, computer vision or recommendation systems - knowledge of model deployment and mlops - big data tools: spark, hadoop, or similar - docker and kubernetes education - msc or phd in computer science, machine learning or related field preferred experience - 3+ years building ml systems in production - contributions to open-source ml projects are a plus certifications - aws machine learning specialty or google cloud ml engineer preferred","sarah jackson email: r1179@email.com skills c++, django, java, elasticsearch, react, python education msc artificial intelligence, northumbria university (2021) work experience junior developer at gamma digital (2017-2018): applied django and python to deliver projects. | data analyst at innovatesoft (2018-2019): applied c++ and react to deliver projects. | machine learning engineer at byteforge (2020-2023): applied elasticsearch and c++ to deliver projects. certifications certified kubernetes administrator, agile scrum master","c++, django, java, elasticsearch, react, python","msc artificial intelligence, northumbria university (2021)",junior developer at gamma digital (2017-2018): applied django and python to deliver projects. | data analyst at innovatesoft (2018-2019): applied c++ and react to deliver projects. | machine learning engineer at byteforge (2020-2023): applied elasticsearch and c++ to deliver projects.,"certified kubernetes administrator, agile scrum master",Female,Asian,0,0.66656244,0.33684826,0.40308988,0.562299,0.39596498,14.0,0
JOB003,R0272,"job title: machine learning engineer company: nexgen analytics about the role: join our ml platform team to build, optimise and deploy production ml systems at scale. responsibilities: - develop and fine-tune deep learning models - build ml pipelines for training and inference - optimise model performance and latency - work with large-scale distributed data requirements: skills - deep expertise in python and ml frameworks (pytorch, tensorflow) - experience with nlp, computer vision or recommendation systems - knowledge of model deployment and mlops - big data tools: spark, hadoop, or similar - docker and kubernetes education - msc or phd in computer science, machine learning or related field preferred experience - 3+ years building ml systems in production - contributions to open-source ml projects are a plus certifications - aws machine learning specialty or google cloud ml engineer preferred","kevin wang email: r0272@email.com skills spark, deep learning, a/b testing, pytorch, rest apis education bsc statistics, university of bristol (2011) work experience software engineer at globaltech systems (2021-2022): applied spark and spark to deliver projects. certifications tensorflow developer certificate","spark, deep learning, a/b testing, pytorch, rest apis","bsc statistics, university of bristol (2011)",software engineer at globaltech systems (2021-2022): applied spark and spark to deliver projects.,tensorflow developer certificate,Male,White,0,0.6665021,0.4528944,0.29564846,0.5055685,0.37395135,15.0,0
JOB003,R0904,"job title: machine learning engineer company: nexgen analytics about the role: join our ml platform team to build, optimise and deploy production ml systems at scale. responsibilities: - develop and fine-tune deep learning models - build ml pipelines for training and inference - optimise model performance and latency - work with large-scale distributed data requirements: skills - deep expertise in python and ml frameworks (pytorch, tensorflow) - experience with nlp, computer vision or recommendation systems - knowledge of model deployment and mlops - big data tools: spark, hadoop, or similar - docker and kubernetes education - msc or phd in computer science, machine learning or related field preferred experience - 3+ years building ml systems in production - contributions to open-source ml projects are a plus certifications - aws machine learning specialty or google cloud ml engineer preferred","maria nguyen email: r0904@email.com skills ansible, python, spark, fastapi, power bi, nlp, react, model deployment, docker, system design, pytorch, pandas education msc artificial intelligence, university of bristol (2019) work experience machine learning engineer at gamma digital (2018-2019): applied spark and spark to deliver projects. certifications certified kubernetes administrator","ansible, python, spark, fastapi, power bi, nlp, react, model deployment, docker, system design, pytorch, pandas","msc artificial intelligence, university of bristol (2019)",machine learning engineer at gamma digital (2018-2019): applied spark and spark to deliver projects.,certified kubernetes administrator,Female,White,1,0.664931,0.4218347,0.383851,0.57964104,0.32504284,16.0,0
JOB003,R0072,"job title: machine learning engineer company: nexgen analytics about the role: join our ml platform team to build, optimise and deploy production ml systems at scale. responsibilities: - develop and fine-tune deep learning models - build ml pipelines for training and inference - optimise model performance and latency - work with large-scale distributed data requirements: skills - deep expertise in python and ml frameworks (pytorch, tensorflow) - experience with nlp, computer vision or recommendation systems - knowledge of model deployment and mlops - big data tools: spark, hadoop, or similar - docker and kubernetes education - msc or phd in computer science, machine learning or related field preferred experience - 3+ years building ml systems in production - contributions to open-source ml projects are a plus certifications - aws machine learning specialty or google cloud ml engineer preferred","patricia white email: r0072@email.com skills scikit-learn, redshift, numpy, spark, rest apis, tensorflow, pytorch, pandas education bsc data science, coventry university (2011) work experience machine learning engineer at datasolutions uk (2019-2020): applied numpy and rest apis to deliver projects. | data engineer at prismdata ltd (2018-2021): applied scikit-learn and numpy to deliver projects. certifications certified ethical hacker, google cloud professional, certified kubernetes administrator","scikit-learn, redshift, numpy, spark, rest apis, tensorflow, pytorch, pandas","bsc data science, coventry university (2011)",machine learning engineer at datasolutions uk (2019-2020): applied numpy and rest apis to deliver projects. | data engineer at prismdata ltd (2018-2021): applied scikit-learn and numpy to deliver projects.,"certified ethical hacker, google cloud professional, certified kubernetes administrator",Female,White,0,0.6644806,0.40315008,0.41261008,0.5834838,0.4143139,17.0,0
JOB003,R0955,"job title: machine learning engineer company: nexgen analytics about the role: join our ml platform team to build, optimise and deploy production ml systems at scale. responsibilities: - develop and fine-tune deep learning models - build ml pipelines for training and inference - optimise model performance and latency - work with large-scale distributed data requirements: skills - deep expertise in python and ml frameworks (pytorch, tensorflow) - experience with nlp, computer vision or recommendation systems - knowledge of model deployment and mlops - big data tools: spark, hadoop, or similar - docker and kubernetes education - msc or phd in computer science, machine learning or related field preferred experience - 3+ years building ml systems in production - contributions to open-source ml projects are a plus certifications - aws machine learning specialty or google cloud ml engineer preferred","wei osei email: r0955@email.com skills ci/cd, deep learning, mongodb, terraform, python, spark, tensorflow, pytorch, docker, microservices education msc computer science, university of bristol (2010) work experience devops engineer at innovatesoft (2017-2018): applied microservices and python to deliver projects. | software engineer at vertex solutions (2018-2020): applied microservices and spark to deliver projects. | full stack developer at byteforge (2021-2022): applied microservices and python to deliver projects. certifications certified kubernetes administrator","ci/cd, deep learning, mongodb, terraform, python, spark, tensorflow, pytorch, docker, microservices","msc computer science, university of bristol (2010)",devops engineer at innovatesoft (2017-2018): applied microservices and python to deliver projects. | software engineer at vertex solutions (2018-2020): applied microservices and spark to deliver projects. | full stack developer at byteforge (2021-2022): applied microservices and python to deliver projects.,certified kubernetes administrator,Male,White,1,0.66375285,0.5455725,0.38402724,0.5371342,0.32504284,18.0,0
JOB003,R0081,"job title: machine learning engineer company: nexgen analytics about the role: join our ml platform team to build, optimise and deploy production ml systems at scale. responsibilities: - develop and fine-tune deep learning models - build ml pipelines for training and inference - optimise model performance and latency - work with large-scale distributed data requirements: skills - deep expertise in python and ml frameworks (pytorch, tensorflow) - experience with nlp, computer vision or recommendation systems - knowledge of model deployment and mlops - big data tools: spark, hadoop, or similar - docker and kubernetes education - msc or phd in computer science, machine learning or related field preferred experience - 3+ years building ml systems in production - contributions to open-source ml projects are a plus certifications - aws machine learning specialty or google cloud ml engineer preferred","priya yamamoto email: r0081@email.com skills deep learning, bigquery, docker, spark, python, hadoop education beng information technology, coventry university (2024) work experience backend developer at innovatesoft (2022-2025): applied spark and hadoop to deliver projects. | junior developer at betaworks (2017-2020): applied docker and docker to deliver projects. certifications google cloud professional","deep learning, bigquery, docker, spark, python, hadoop","beng information technology, coventry university (2024)",backend developer at innovatesoft (2022-2025): applied spark and hadoop to deliver projects. | junior developer at betaworks (2017-2020): applied docker and docker to deliver projects.,google cloud professional,Female,White,1,0.6634954,0.54078114,0.32749325,0.47076163,0.41063905,19.0,0
JOB003,R0464,"job title: machine learning engineer company: nexgen analytics about the role: join our ml platform team to build, optimise and deploy production ml systems at scale. responsibilities: - develop and fine-tune deep learning models - build ml pipelines for training and inference - optimise model performance and latency - work with large-scale distributed data requirements: skills - deep expertise in python and ml frameworks (pytorch, tensorflow) - experience with nlp, computer vision or recommendation systems - knowledge of model deployment and mlops - big data tools: spark, hadoop, or similar - docker and kubernetes education - msc or phd in computer science, machine learning or related field preferred experience - 3+ years building ml systems in production - contributions to open-source ml projects are a plus certifications - aws machine learning specialty or google cloud ml engineer preferred","daniel wang email: r0464@email.com skills tensorflow, docker, nlp, spark, django, deep learning, python, elasticsearch, bash, model deployment, aws, pytorch education bsc computer science, university of sheffield (2022) work experience systems analyst at byteforge (2019-2021): applied model deployment and aws to deliver projects. | backend developer at byteforge (2022-2023): applied pytorch and tensorflow to deliver projects. certifications none","tensorflow, docker, nlp, spark, django, deep learning, python, elasticsearch, bash, model deployment, aws, pytorch","bsc computer science, university of sheffield (2022)",systems analyst at byteforge (2019-2021): applied model deployment and aws to deliver projects. | backend developer at byteforge (2022-2023): applied pytorch and tensorflow to deliver projects.,,Male,White,1,0.66154826,0.53548074,0.38974398,0.5255637,0.106923476,20.0,0
JOB003,R0566,"job title: machine learning engineer company: nexgen analytics about the role: join our ml platform team to build, optimise and deploy production ml systems at scale. responsibilities: - develop and fine-tune deep learning models - build ml pipelines for training and inference - optimise model performance and latency - work with large-scale distributed data requirements: skills - deep expertise in python and ml frameworks (pytorch, tensorflow) - experience with nlp, computer vision or recommendation systems - knowledge of model deployment and mlops - big data tools: spark, hadoop, or similar - docker and kubernetes education - msc or phd in computer science, machine learning or related field preferred experience - 3+ years building ml systems in production - contributions to open-source ml projects are a plus certifications - aws machine learning specialty or google cloud ml engineer preferred","susan nguyen email: r0566@email.com skills big data, docker, node.js, feature engineering, pytorch, deep learning, scikit-learn, computer vision, model deployment, tableau, spark, nlp education msc computer science, london metropolitan university (2017) work experience data analyst at nexgen analytics (2016-2018): applied nlp and pytorch to deliver projects. | full stack developer at globaltech systems (2015-2016): applied tableau and feature engineering to deliver projects. | qa engineer at byteforge (2016-2018): applied spark and scikit-learn to deliver projects. certifications none","big data, docker, node.js, feature engineering, pytorch, deep learning, scikit-learn, computer vision, model deployment, tableau, spark, nlp","msc computer science, london metropolitan university (2017)",data analyst at nexgen analytics (2016-2018): applied nlp and pytorch to deliver projects. | full stack developer at globaltech systems (2015-2016): applied tableau and feature engineering to deliver projects. | qa engineer at byteforge (2016-2018): applied spark and scikit-learn to deliver projects.,,Female,White,1,0.6580423,0.54104936,0.38649523,0.58020055,0.10692346,21.0,0
JOB003,R1373,"job title: machine learning engineer company: nexgen analytics about the role: join our ml platform team to build, optimise and deploy production ml systems at scale. responsibilities: - develop and fine-tune deep learning models - build ml pipelines for training and inference - optimise model performance and latency - work with large-scale distributed data requirements: skills - deep expertise in python and ml frameworks (pytorch, tensorflow) - experience with nlp, computer vision or recommendation systems - knowledge of model deployment and mlops - big data tools: spark, hadoop, or similar - docker and kubernetes education - msc or phd in computer science, machine learning or related field preferred experience - 3+ years building ml systems in production - contributions to open-source ml projects are a plus certifications - aws machine learning specialty or google cloud ml engineer preferred","marcus chen email: r1373@email.com skills docker, redis, python, kubernetes, spark, big data, model deployment, tensorflow, pytorch education bsc computer science, king's college london (2017) work experience software engineer at techcorp ltd (2018-2020): applied pytorch and redis to deliver projects. | software engineer at betaworks (2016-2017): applied kubernetes and python to deliver projects. | software engineer at alphatech (2017-2018): applied spark and redis to deliver projects. certifications aws certified developer, agile scrum master, aws solutions architect","docker, redis, python, kubernetes, spark, big data, model deployment, tensorflow, pytorch","bsc computer science, king's college london (2017)",software engineer at techcorp ltd (2018-2020): applied pytorch and redis to deliver projects. | software engineer at betaworks (2016-2017): applied kubernetes and python to deliver projects. | software engineer at alphatech (2017-2018): applied spark and redis to deliver projects.,"aws certified developer, agile scrum master, aws solutions architect",Male,Asian,1,0.6552534,0.52912563,0.42994124,0.5093769,0.5466725,22.0,0
JOB003,R1441,"job title: machine learning engineer company: nexgen analytics about the role: join our ml platform team to build, optimise and deploy production ml systems at scale. responsibilities: - develop and fine-tune deep learning models - build ml pipelines for training and inference - optimise model performance and latency - work with large-scale distributed data requirements: skills - deep expertise in python and ml frameworks (pytorch, tensorflow) - experience with nlp, computer vision or recommendation systems - knowledge of model deployment and mlops - big data tools: spark, hadoop, or similar - docker and kubernetes education - msc or phd in computer science, machine learning or related field preferred experience - 3+ years building ml systems in production - contributions to open-source ml projects are a plus certifications - aws machine learning specialty or google cloud ml engineer preferred","john li email: r1441@email.com skills spark, bash, kubernetes, react, rest apis, docker, pytorch, terraform, scikit-learn, tensorflow education bsc statistics, university of leeds (2016) work experience machine learning engineer at gamma digital (2015-2017): applied terraform and tensorflow to deliver projects. | data engineer at alphatech (2022-2024): applied bash and spark to deliver projects. certifications none","spark, bash, kubernetes, react, rest apis, docker, pytorch, terraform, scikit-learn, tensorflow","bsc statistics, university of leeds (2016)",machine learning engineer at gamma digital (2015-2017): applied terraform and tensorflow to deliver projects. | data engineer at alphatech (2022-2024): applied bash and spark to deliver projects.,,Male,White,1,0.65454125,0.48604944,0.26532602,0.6858017,0.106923476,23.0,0
JOB003,R0554,"job title: machine learning engineer company: nexgen analytics about the role: join our ml platform team to build, optimise and deploy production ml systems at scale. responsibilities: - develop and fine-tune deep learning models - build ml pipelines for training and inference - optimise model performance and latency - work with large-scale distributed data requirements: skills - deep expertise in python and ml frameworks (pytorch, tensorflow) - experience with nlp, computer vision or recommendation systems - knowledge of model deployment and mlops - big data tools: spark, hadoop, or similar - docker and kubernetes education - msc or phd in computer science, machine learning or related field preferred experience - 3+ years building ml systems in production - contributions to open-source ml projects are a plus certifications - aws machine learning specialty or google cloud ml engineer preferred","jessica tanaka email: r0554@email.com skills typescript, linux, statistics, pytorch, deep learning, system design, docker education bsc data science, university of edinburgh (2023) work experience backend developer at alphatech (2016-2017): applied deep learning and typescript to deliver projects. | full stack developer at byteforge (2021-2023): applied docker and deep learning to deliver projects. certifications aws certified developer","typescript, linux, statistics, pytorch, deep learning, system design, docker","bsc data science, university of edinburgh (2023)",backend developer at alphatech (2016-2017): applied deep learning and typescript to deliver projects. | full stack developer at byteforge (2021-2023): applied docker and deep learning to deliver projects.,aws certified developer,Female,White,0,0.65231174,0.41919512,0.43682694,0.46530518,0.4780665,24.0,0
JOB003,R1202,"job title: machine learning engineer company: nexgen analytics about the role: join our ml platform team to build, optimise and deploy production ml systems at scale. responsibilities: - develop and fine-tune deep learning models - build ml pipelines for training and inference - optimise model performance and latency - work with large-scale distributed data requirements: skills - deep expertise in python and ml frameworks (pytorch, tensorflow) - experience with nlp, computer vision or recommendation systems - knowledge of model deployment and mlops - big data tools: spark, hadoop, or similar - docker and kubernetes education - msc or phd in computer science, machine learning or related field preferred experience - 3+ years building ml systems in production - contributions to open-source ml projects are a plus certifications - aws machine learning specialty or google cloud ml engineer preferred","marcus wang email: r1202@email.com skills java, kafka, scikit-learn, pytorch, spark, elasticsearch, deep learning education ba business information systems, london metropolitan university (2013) work experience data analyst at byteforge (2021-2024): applied elasticsearch and pytorch to deliver projects. | devops engineer at alphatech (2018-2021): applied spark and elasticsearch to deliver projects. | data engineer at vertex solutions (2019-2022): applied java and deep learning to deliver projects. certifications databricks certified associate","java, kafka, scikit-learn, pytorch, spark, elasticsearch, deep learning","ba business information systems, london metropolitan university (2013)",data analyst at byteforge (2021-2024): applied elasticsearch and pytorch to deliver projects. | devops engineer at alphatech (2018-2021): applied spark and elasticsearch to deliver projects. | data engineer at vertex solutions (2019-2022): applied java and deep learning to deliver projects.,databricks certified associate,Male,White,0,0.64974844,0.47707397,0.28360432,0.5992829,0.3574161,25.0,0
JOB003,R0089,"job title: machine learning engineer company: nexgen analytics about the role: join our ml platform team to build, optimise and deploy production ml systems at scale. responsibilities: - develop and fine-tune deep learning models - build ml pipelines for training and inference - optimise model performance and latency - work with large-scale distributed data requirements: skills - deep expertise in python and ml frameworks (pytorch, tensorflow) - experience with nlp, computer vision or recommendation systems - knowledge of model deployment and mlops - big data tools: spark, hadoop, or similar - docker and kubernetes education - msc or phd in computer science, machine learning or related field preferred experience - 3+ years building ml systems in production - contributions to open-source ml projects are a plus certifications - aws machine learning specialty or google cloud ml engineer preferred","john adeyemi email: r0089@email.com skills model deployment, tensorflow, ci/cd, agile, deep learning, python, pandas, pytorch, spark, kubernetes, javascript, hadoop education bsc cybersecurity, university of manchester (2015) work experience software engineer at techcorp ltd (2019-2021): applied tensorflow and python to deliver projects. certifications tensorflow developer certificate","model deployment, tensorflow, ci/cd, agile, deep learning, python, pandas, pytorch, spark, kubernetes, javascript, hadoop","bsc cybersecurity, university of manchester (2015)",software engineer at techcorp ltd (2019-2021): applied tensorflow and python to deliver projects.,tensorflow developer certificate,Male,Asian,1,0.6470506,0.5899323,0.321822,0.5622563,0.37395135,26.0,0
JOB003,R1614,"job title: machine learning engineer company: nexgen analytics about the role: join our ml platform team to build, optimise and deploy production ml systems at scale. responsibilities: - develop and fine-tune deep learning models - build ml pipelines for training and inference - optimise model performance and latency - work with large-scale distributed data requirements: skills - deep expertise in python and ml frameworks (pytorch, tensorflow) - experience with nlp, computer vision or recommendation systems - knowledge of model deployment and mlops - big data tools: spark, hadoop, or similar - docker and kubernetes education - msc or phd in computer science, machine learning or related field preferred experience - 3+ years building ml systems in production - contributions to open-source ml projects are a plus certifications - aws machine learning specialty or google cloud ml engineer preferred","priya chen email: r1614@email.com skills elasticsearch, pandas, spark, typescript, redshift, pytorch, bash, python, docker education beng information technology, coventry university (2012) work experience software engineer at byteforge (2020-2021): applied redshift and pandas to deliver projects. | systems analyst at quantum analytics (2019-2022): applied pytorch and bash to deliver projects. | backend developer at gamma digital (2021-2024): applied bash and bash to deliver projects. certifications tensorflow developer certificate, aws machine learning specialty, aws solutions architect","elasticsearch, pandas, spark, typescript, redshift, pytorch, bash, python, docker","beng information technology, coventry university (2012)",software engineer at byteforge (2020-2021): applied redshift and pandas to deliver projects. | systems analyst at quantum analytics (2019-2022): applied pytorch and bash to deliver projects. | backend developer at gamma digital (2021-2024): applied bash and bash to deliver projects.,"tensorflow developer certificate, aws machine learning specialty, aws solutions architect",Female,White,1,0.6442269,0.3636163,0.31960574,0.41727692,0.6753274,27.0,0
JOB003,R1664,"job title: machine learning engineer company: nexgen analytics about the role: join our ml platform team to build, optimise and deploy production ml systems at scale. responsibilities: - develop and fine-tune deep learning models - build ml pipelines for training and inference - optimise model performance and latency - work with large-scale distributed data requirements: skills - deep expertise in python and ml frameworks (pytorch, tensorflow) - experience with nlp, computer vision or recommendation systems - knowledge of model deployment and mlops - big data tools: spark, hadoop, or similar - docker and kubernetes education - msc or phd in computer science, machine learning or related field preferred experience - 3+ years building ml systems in production - contributions to open-source ml projects are a plus certifications - aws machine learning specialty or google cloud ml engineer preferred","matthew walker email: r1664@email.com skills model deployment, spark, python, airflow, docker, mongodb, tensorflow, postgresql, power bi, computer vision, ansible, pytorch, nlp, deep learning education msc computer science, university of greenwich (2024) work experience data engineer at alphatech (2022-2025): applied pytorch and python to deliver projects. certifications none","model deployment, spark, python, airflow, docker, mongodb, tensorflow, postgresql, power bi, computer vision, ansible, pytorch, nlp, deep learning","msc computer science, university of greenwich (2024)",data engineer at alphatech (2022-2025): applied pytorch and python to deliver projects.,,Male,White,1,0.6380748,0.56099653,0.3761165,0.41961372,0.10692346,28.0,0
JOB003,R0151,"job title: machine learning engineer company: nexgen analytics about the role: join our ml platform team to build, optimise and deploy production ml systems at scale. responsibilities: - develop and fine-tune deep learning models - build ml pipelines for training and inference - optimise model performance and latency - work with large-scale distributed data requirements: skills - deep expertise in python and ml frameworks (pytorch, tensorflow) - experience with nlp, computer vision or recommendation systems - knowledge of model deployment and mlops - big data tools: spark, hadoop, or similar - docker and kubernetes education - msc or phd in computer science, machine learning or related field preferred experience - 3+ years building ml systems in production - contributions to open-source ml projects are a plus certifications - aws machine learning specialty or google cloud ml engineer preferred","alex nguyen email: r0151@email.com skills a/b testing, tensorflow, typescript, deep learning, spark, etl education bsc data science, university of edinburgh (2016) work experience systems analyst at techcorp ltd (2020-2021): applied etl and a/b testing to deliver projects. | data engineer at quantum analytics (2016-2018): applied spark and tensorflow to deliver projects. | data analyst at techcorp ltd (2020-2021): applied a/b testing and tensorflow to deliver projects. certifications none","a/b testing, tensorflow, typescript, deep learning, spark, etl","bsc data science, university of edinburgh (2016)",systems analyst at techcorp ltd (2020-2021): applied etl and a/b testing to deliver projects. | data engineer at quantum analytics (2016-2018): applied spark and tensorflow to deliver projects. | data analyst at techcorp ltd (2020-2021): applied a/b testing and tensorflow to deliver projects.,,Non-binary,White,0,0.63232076,0.47052646,0.40927482,0.53439844,0.106923476,29.0,0
JOB003,R0323,"job title: machine learning engineer company: nexgen analytics about the role: join our ml platform team to build, optimise and deploy production ml systems at scale. responsibilities: - develop and fine-tune deep learning models - build ml pipelines for training and inference - optimise model performance and latency - work with large-scale distributed data requirements: skills - deep expertise in python and ml frameworks (pytorch, tensorflow) - experience with nlp, computer vision or recommendation systems - knowledge of model deployment and mlops - big data tools: spark, hadoop, or similar - docker and kubernetes education - msc or phd in computer science, machine learning or related field preferred experience - 3+ years building ml systems in production - contributions to open-source ml projects are a plus certifications - aws machine learning specialty or google cloud ml engineer preferred","mary jones email: r0323@email.com skills azure, feature engineering, django, model deployment, r, tensorflow, python, statistics education bsc statistics, coventry university (2014) work experience qa engineer at vertex solutions (2020-2023): applied tensorflow and django to deliver projects. | data engineer at quantum analytics (2019-2022): applied model deployment and model deployment to deliver projects. | software engineer at betaworks (2021-2023): applied r and tensorflow to deliver projects. certifications tableau desktop specialist, google professional data engineer","azure, feature engineering, django, model deployment, r, tensorflow, python, statistics","bsc statistics, coventry university (2014)",qa engineer at vertex solutions (2020-2023): applied tensorflow and django to deliver projects. | data engineer at quantum analytics (2019-2022): applied model deployment and model deployment to deliver projects. | software engineer at betaworks (2021-2023): applied r and tensorflow to deliver projects.,"tableau desktop specialist, google professional data engineer",Female,Hispanic,0,0.6317974,0.51168346,0.26399907,0.5038409,0.42967418,30.0,0
JOB003,R1279,"job title: machine learning engineer company: nexgen analytics about the role: join our ml platform team to build, optimise and deploy production ml systems at scale. responsibilities: - develop and fine-tune deep learning models - build ml pipelines for training and inference - optimise model performance and latency - work with large-scale distributed data requirements: skills - deep expertise in python and ml frameworks (pytorch, tensorflow) - experience with nlp, computer vision or recommendation systems - knowledge of model deployment and mlops - big data tools: spark, hadoop, or similar - docker and kubernetes education - msc or phd in computer science, machine learning or related field preferred experience - 3+ years building ml systems in production - contributions to open-source ml projects are a plus certifications - aws machine learning specialty or google cloud ml engineer preferred","aisha williams email: r1279@email.com skills redis, pytorch, airflow, nlp, deep learning, python, spark, model deployment education bsc mathematics, university of greenwich (2020) work experience systems analyst at byteforge (2017-2020): applied pytorch and pytorch to deliver projects. | software engineer at starline systems (2020-2021): applied model deployment and pytorch to deliver projects. certifications aws certified developer, agile scrum master, oracle certified java programmer","redis, pytorch, airflow, nlp, deep learning, python, spark, model deployment","bsc mathematics, university of greenwich (2020)",systems analyst at byteforge (2017-2020): applied pytorch and pytorch to deliver projects. | software engineer at starline systems (2020-2021): applied model deployment and pytorch to deliver projects.,"aws certified developer, agile scrum master, oracle certified java programmer",Female,Hispanic,1,0.6305025,0.5122801,0.23745216,0.3301791,0.5062729,31.0,0
JOB003,R1403,"job title: machine learning engineer company: nexgen analytics about the role: join our ml platform team to build, optimise and deploy production ml systems at scale. responsibilities: - develop and fine-tune deep learning models - build ml pipelines for training and inference - optimise model performance and latency - work with large-scale distributed data requirements: skills - deep expertise in python and ml frameworks (pytorch, tensorflow) - experience with nlp, computer vision or recommendation systems - knowledge of model deployment and mlops - big data tools: spark, hadoop, or similar - docker and kubernetes education - msc or phd in computer science, machine learning or related field preferred experience - 3+ years building ml systems in production - contributions to open-source ml projects are a plus certifications - aws machine learning specialty or google cloud ml engineer preferred","michael moore email: r1403@email.com skills elasticsearch, pandas, docker, git, python, ansible, model deployment, java, redis, spark education beng information technology, northumbria university (2012) work experience software engineer at alphatech (2021-2024): applied ansible and docker to deliver projects. | systems analyst at gamma digital (2016-2017): applied pandas and model deployment to deliver projects. certifications google professional data engineer, agile scrum master, comptia security+","elasticsearch, pandas, docker, git, python, ansible, model deployment, java, redis, spark","beng information technology, northumbria university (2012)",software engineer at alphatech (2021-2024): applied ansible and docker to deliver projects. | systems analyst at gamma digital (2016-2017): applied pandas and model deployment to deliver projects.,"google professional data engineer, agile scrum master, comptia security+",Male,White,1,0.62670326,0.42243326,0.34143728,0.46530023,0.5054703,32.0,0
JOB003,R1414,"job title: machine learning engineer company: nexgen analytics about the role: join our ml platform team to build, optimise and deploy production ml systems at scale. responsibilities: - develop and fine-tune deep learning models - build ml pipelines for training and inference - optimise model performance and latency - work with large-scale distributed data requirements: skills - deep expertise in python and ml frameworks (pytorch, tensorflow) - experience with nlp, computer vision or recommendation systems - knowledge of model deployment and mlops - big data tools: spark, hadoop, or similar - docker and kubernetes education - msc or phd in computer science, machine learning or related field preferred experience - 3+ years building ml systems in production - contributions to open-source ml projects are a plus certifications - aws machine learning specialty or google cloud ml engineer preferred","isabella yamamoto email: r1414@email.com skills fastapi, python, system design, pytorch, feature engineering, docker, github actions, spark, tensorflow, deep learning, c++, pandas education bsc statistics, university of leeds (2017) work experience systems analyst at prismdata ltd (2022-2025): applied pandas and feature engineering to deliver projects. | data analyst at cloudbase ltd (2022-2023): applied pandas and pytorch to deliver projects. certifications none","fastapi, python, system design, pytorch, feature engineering, docker, github actions, spark, tensorflow, deep learning, c++, pandas","bsc statistics, university of leeds (2017)",systems analyst at prismdata ltd (2022-2025): applied pandas and feature engineering to deliver projects. | data analyst at cloudbase ltd (2022-2023): applied pandas and pytorch to deliver projects.,,Female,White,1,0.626029,0.50371903,0.27239186,0.41989243,0.10692346,33.0,0
JOB003,R1705,"job title: machine learning engineer company: nexgen analytics about the role: join our ml platform team to build, optimise and deploy production ml systems at scale. responsibilities: - develop and fine-tune deep learning models - build ml pipelines for training and inference - optimise model performance and latency - work with large-scale distributed data requirements: skills - deep expertise in python and ml frameworks (pytorch, tensorflow) - experience with nlp, computer vision or recommendation systems - knowledge of model deployment and mlops - big data tools: spark, hadoop, or similar - docker and kubernetes education - msc or phd in computer science, machine learning or related field preferred experience - 3+ years building ml systems in production - contributions to open-source ml projects are a plus certifications - aws machine learning specialty or google cloud ml engineer preferred","carlos lee email: r1705@email.com skills java, agile, tensorflow, aws, deep learning, pytorch, kafka, typescript, python, nlp, spark education msc artificial intelligence, university of greenwich (2010) work experience devops engineer at techcorp ltd (2020-2021): applied python and typescript to deliver projects. certifications microsoft azure fundamentals, certified ethical hacker, oracle certified java programmer","java, agile, tensorflow, aws, deep learning, pytorch, kafka, typescript, python, nlp, spark","msc artificial intelligence, university of greenwich (2010)",devops engineer at techcorp ltd (2020-2021): applied python and typescript to deliver projects.,"microsoft azure fundamentals, certified ethical hacker, oracle certified java programmer",Male,White,1,0.62195665,0.5187201,0.37476474,0.40864053,0.34585816,34.0,0
JOB003,R1260,"job title: machine learning engineer company: nexgen analytics about the role: join our ml platform team to build, optimise and deploy production ml systems at scale. responsibilities: - develop and fine-tune deep learning models - build ml pipelines for training and inference - optimise model performance and latency - work with large-scale distributed data requirements: skills - deep expertise in python and ml frameworks (pytorch, tensorflow) - experience with nlp, computer vision or recommendation systems - knowledge of model deployment and mlops - big data tools: spark, hadoop, or similar - docker and kubernetes education - msc or phd in computer science, machine learning or related field preferred experience - 3+ years building ml systems in production - contributions to open-source ml projects are a plus certifications - aws machine learning specialty or google cloud ml engineer preferred","kevin gonzalez email: r1260@email.com skills etl, big data, django, nlp, rest apis, mongodb, deep learning, docker, agile, model deployment education bsc cybersecurity, northumbria university (2018) work experience data analyst at datasolutions uk (2017-2020): applied nlp and model deployment to deliver projects. | full stack developer at acme digital (2022-2025): applied mongodb and nlp to deliver projects. | devops engineer at alphatech (2021-2023): applied rest apis and mongodb to deliver projects. certifications none","etl, big data, django, nlp, rest apis, mongodb, deep learning, docker, agile, model deployment","bsc cybersecurity, northumbria university (2018)",data analyst at datasolutions uk (2017-2020): applied nlp and model deployment to deliver projects. | full stack developer at acme digital (2022-2025): applied mongodb and nlp to deliver projects. | devops engineer at alphatech (2021-2023): applied rest apis and mongodb to deliver projects.,,Male,White,1,0.6198406,0.48715144,0.33654445,0.4847505,0.1069235,35.0,0
JOB003,R1712,"job title: machine learning engineer company: nexgen analytics about the role: join our ml platform team to build, optimise and deploy production ml systems at scale. responsibilities: - develop and fine-tune deep learning models - build ml pipelines for training and inference - optimise model performance and latency - work with large-scale distributed data requirements: skills - deep expertise in python and ml frameworks (pytorch, tensorflow) - experience with nlp, computer vision or recommendation systems - knowledge of model deployment and mlops - big data tools: spark, hadoop, or similar - docker and kubernetes education - msc or phd in computer science, machine learning or related field preferred experience - 3+ years building ml systems in production - contributions to open-source ml projects are a plus certifications - aws machine learning specialty or google cloud ml engineer preferred","maria mensah email: r1712@email.com skills tensorflow, nlp, airflow, deep learning, c++, r, spark, statistics education msc computer science, university of warwick (2012) work experience software engineer at byteforge (2016-2019): applied r and spark to deliver projects. | systems analyst at innovatesoft (2021-2024): applied nlp and tensorflow to deliver projects. certifications microsoft azure fundamentals, tableau desktop specialist","tensorflow, nlp, airflow, deep learning, c++, r, spark, statistics","msc computer science, university of warwick (2012)",software engineer at byteforge (2016-2019): applied r and spark to deliver projects. | systems analyst at innovatesoft (2021-2024): applied nlp and tensorflow to deliver projects.,"microsoft azure fundamentals, tableau desktop specialist",Female,White,1,0.6186662,0.4929577,0.33685982,0.5354681,0.25243676,36.0,0
JOB003,R0392,"job title: machine learning engineer company: nexgen analytics about the role: join our ml platform team to build, optimise and deploy production ml systems at scale. responsibilities: - develop and fine-tune deep learning models - build ml pipelines for training and inference - optimise model performance and latency - work with large-scale distributed data requirements: skills - deep expertise in python and ml frameworks (pytorch, tensorflow) - experience with nlp, computer vision or recommendation systems - knowledge of model deployment and mlops - big data tools: spark, hadoop, or similar - docker and kubernetes education - msc or phd in computer science, machine learning or related field preferred experience - 3+ years building ml systems in production - contributions to open-source ml projects are a plus certifications - aws machine learning specialty or google cloud ml engineer preferred","jennifer walker email: r0392@email.com skills power bi, elasticsearch, data visualisation, nlp, model deployment, bigquery, postgresql, node.js, docker education bsc mathematics, king's college london (2010) work experience data analyst at innovatesoft (2016-2017): applied data visualisation and elasticsearch to deliver projects. | devops engineer at betaworks (2021-2023): applied data visualisation and power bi to deliver projects. | data engineer at datasolutions uk (2016-2017): applied elasticsearch and postgresql to deliver projects. certifications google cloud professional, microsoft azure fundamentals, databricks certified associate","power bi, elasticsearch, data visualisation, nlp, model deployment, bigquery, postgresql, node.js, docker","bsc mathematics, king's college london (2010)",data analyst at innovatesoft (2016-2017): applied data visualisation and elasticsearch to deliver projects. | devops engineer at betaworks (2021-2023): applied data visualisation and power bi to deliver projects. | data engineer at datasolutions uk (2016-2017): applied elasticsearch and postgresql to deliver projects.,"google cloud professional, microsoft azure fundamentals, databricks certified associate",Female,White,0,0.6139157,0.42367297,0.24144514,0.49370742,0.46402866,37.0,0
JOB003,R0501,"job title: machine learning engineer company: nexgen analytics about the role: join our ml platform team to build, optimise and deploy production ml systems at scale. responsibilities: - develop and fine-tune deep learning models - build ml pipelines for training and inference - optimise model performance and latency - work with large-scale distributed data requirements: skills - deep expertise in python and ml frameworks (pytorch, tensorflow) - experience with nlp, computer vision or recommendation systems - knowledge of model deployment and mlops - big data tools: spark, hadoop, or similar - docker and kubernetes education - msc or phd in computer science, machine learning or related field preferred experience - 3+ years building ml systems in production - contributions to open-source ml projects are a plus certifications - aws machine learning specialty or google cloud ml engineer preferred","maria osei email: r0501@email.com skills nlp, computer vision, docker, ci/cd, azure, django, pandas, spark education msc computer science, de montfort university (2021) work experience qa engineer at byteforge (2015-2016): applied computer vision and django to deliver projects. certifications aws solutions architect, tableau desktop specialist, certified kubernetes administrator","nlp, computer vision, docker, ci/cd, azure, django, pandas, spark","msc computer science, de montfort university (2021)",qa engineer at byteforge (2015-2016): applied computer vision and django to deliver projects.,"aws solutions architect, tableau desktop specialist, certified kubernetes administrator",Female,White,0,0.61233306,0.4769637,0.40097862,0.41508314,0.48172763,38.0,0
JOB003,R1307,"job title: machine learning engineer company: nexgen analytics about the role: join our ml platform team to build, optimise and deploy production ml systems at scale. responsibilities: - develop and fine-tune deep learning models - build ml pipelines for training and inference - optimise model performance and latency - work with large-scale distributed data requirements: skills - deep expertise in python and ml frameworks (pytorch, tensorflow) - experience with nlp, computer vision or recommendation systems - knowledge of model deployment and mlops - big data tools: spark, hadoop, or similar - docker and kubernetes education - msc or phd in computer science, machine learning or related field preferred experience - 3+ years building ml systems in production - contributions to open-source ml projects are a plus certifications - aws machine learning specialty or google cloud ml engineer preferred","jessica jones email: r1307@email.com skills deep learning, docker, pytorch, redis, computer vision, jenkins, model deployment education msc computer science, university of sheffield (2014) work experience junior developer at starline systems (2017-2020): applied model deployment and deep learning to deliver projects. | qa engineer at globaltech systems (2019-2022): applied redis and redis to deliver projects. certifications tensorflow developer certificate","deep learning, docker, pytorch, redis, computer vision, jenkins, model deployment","msc computer science, university of sheffield (2014)",junior developer at starline systems (2017-2020): applied model deployment and deep learning to deliver projects. | qa engineer at globaltech systems (2019-2022): applied redis and redis to deliver projects.,tensorflow developer certificate,Female,White,1,0.60961217,0.5004833,0.3199157,0.5110849,0.37395135,39.0,0
JOB003,R0073,"job title: machine learning engineer company: nexgen analytics about the role: join our ml platform team to build, optimise and deploy production ml systems at scale. responsibilities: - develop and fine-tune deep learning models - build ml pipelines for training and inference - optimise model performance and latency - work with large-scale distributed data requirements: skills - deep expertise in python and ml frameworks (pytorch, tensorflow) - experience with nlp, computer vision or recommendation systems - knowledge of model deployment and mlops - big data tools: spark, hadoop, or similar - docker and kubernetes education - msc or phd in computer science, machine learning or related field preferred experience - 3+ years building ml systems in production - contributions to open-source ml projects are a plus certifications - aws machine learning specialty or google cloud ml engineer preferred","mei miller email: r0073@email.com skills feature engineering, deep learning, hadoop, bash, python, tensorflow, ci/cd, model deployment, git, agile, spark, pytorch education bsc cybersecurity, university of sheffield (2012) work experience software engineer at betaworks (2019-2021): applied feature engineering and pytorch to deliver projects. certifications none","feature engineering, deep learning, hadoop, bash, python, tensorflow, ci/cd, model deployment, git, agile, spark, pytorch","bsc cybersecurity, university of sheffield (2012)",software engineer at betaworks (2019-2021): applied feature engineering and pytorch to deliver projects.,,Female,White,1,0.6074437,0.5475421,0.30659166,0.38665265,0.10692346,40.0,0
JOB003,R0515,"job title: machine learning engineer company: nexgen analytics about the role: join our ml platform team to build, optimise and deploy production ml systems at scale. responsibilities: - develop and fine-tune deep learning models - build ml pipelines for training and inference - optimise model performance and latency - work with large-scale distributed data requirements: skills - deep expertise in python and ml frameworks (pytorch, tensorflow) - experience with nlp, computer vision or recommendation systems - knowledge of model deployment and mlops - big data tools: spark, hadoop, or similar - docker and kubernetes education - msc or phd in computer science, machine learning or related field preferred experience - 3+ years building ml systems in production - contributions to open-source ml projects are a plus certifications - aws machine learning specialty or google cloud ml engineer preferred","mary li email: r0515@email.com skills mongodb, rest apis, nlp, tensorflow, deep learning, agile, react, pytorch, spark, computer vision, model deployment education ba business information systems, university of edinburgh (2023) work experience software engineer at techcorp ltd (2018-2020): applied react and spark to deliver projects. | junior developer at acme digital (2021-2022): applied mongodb and pytorch to deliver projects. | data analyst at techcorp ltd (2021-2023): applied model deployment and nlp to deliver projects. certifications none","mongodb, rest apis, nlp, tensorflow, deep learning, agile, react, pytorch, spark, computer vision, model deployment","ba business information systems, university of edinburgh (2023)",software engineer at techcorp ltd (2018-2020): applied react and spark to deliver projects. | junior developer at acme digital (2021-2022): applied mongodb and pytorch to deliver projects. | data analyst at techcorp ltd (2021-2023): applied model deployment and nlp to deliver projects.,,Female,White,1,0.60242105,0.5018881,0.3220628,0.50078595,0.106923476,41.0,0
JOB003,R1285,"job title: machine learning engineer company: nexgen analytics about the role: join our ml platform team to build, optimise and deploy production ml systems at scale. responsibilities: - develop and fine-tune deep learning models - build ml pipelines for training and inference - optimise model performance and latency - work with large-scale distributed data requirements: skills - deep expertise in python and ml frameworks (pytorch, tensorflow) - experience with nlp, computer vision or recommendation systems - knowledge of model deployment and mlops - big data tools: spark, hadoop, or similar - docker and kubernetes education - msc or phd in computer science, machine learning or related field preferred experience - 3+ years building ml systems in production - contributions to open-source ml projects are a plus certifications - aws machine learning specialty or google cloud ml engineer preferred","priya garcia email: r1285@email.com skills github actions, terraform, java, elasticsearch, docker, dbt, pytorch, tensorflow, postgresql education bsc software engineering, london metropolitan university (2016) work experience systems analyst at byteforge (2019-2022): applied java and tensorflow to deliver projects. | qa engineer at globaltech systems (2021-2024): applied terraform and elasticsearch to deliver projects. certifications certified ethical hacker","github actions, terraform, java, elasticsearch, docker, dbt, pytorch, tensorflow, postgresql","bsc software engineering, london metropolitan university (2016)",systems analyst at byteforge (2019-2022): applied java and tensorflow to deliver projects. | qa engineer at globaltech systems (2021-2024): applied terraform and elasticsearch to deliver projects.,certified ethical hacker,Female,Asian,0,0.59131,0.39254922,0.35377118,0.56187534,0.23028046,42.0,0
JOB003,R0142,"job title: machine learning engineer company: nexgen analytics about the role: join our ml platform team to build, optimise and deploy production ml systems at scale. responsibilities: - develop and fine-tune deep learning models - build ml pipelines for training and inference - optimise model performance and latency - work with large-scale distributed data requirements: skills - deep expertise in python and ml frameworks (pytorch, tensorflow) - experience with nlp, computer vision or recommendation systems - knowledge of model deployment and mlops - big data tools: spark, hadoop, or similar - docker and kubernetes education - msc or phd in computer science, machine learning or related field preferred experience - 3+ years building ml systems in production - contributions to open-source ml projects are a plus certifications - aws machine learning specialty or google cloud ml engineer preferred","patricia wang email: r0142@email.com skills deep learning, unit testing, rest apis, aws, azure, django education bsc cybersecurity, university of warwick (2014) work experience software engineer at innovatesoft (2017-2020): applied unit testing and azure to deliver projects. certifications none","deep learning, unit testing, rest apis, aws, azure, django","bsc cybersecurity, university of warwick (2014)",software engineer at innovatesoft (2017-2020): applied unit testing and azure to deliver projects.,,Female,Hispanic,0,0.5906956,0.5269002,0.36425954,0.37545496,0.106923476,43.0,0
JOB003,R1544,"job title: machine learning engineer company: nexgen analytics about the role: join our ml platform team to build, optimise and deploy production ml systems at scale. responsibilities: - develop and fine-tune deep learning models - build ml pipelines for training and inference - optimise model performance and latency - work with large-scale distributed data requirements: skills - deep expertise in python and ml frameworks (pytorch, tensorflow) - experience with nlp, computer vision or recommendation systems - knowledge of model deployment and mlops - big data tools: spark, hadoop, or similar - docker and kubernetes education - msc or phd in computer science, machine learning or related field preferred experience - 3+ years building ml systems in production - contributions to open-source ml projects are a plus certifications - aws machine learning specialty or google cloud ml engineer preferred","james gonzalez email: r1544@email.com skills nlp, pytorch, kafka, etl, rest apis, spark, github actions, hadoop education beng information technology, northumbria university (2021) work experience data analyst at nexgen analytics (2020-2021): applied pytorch and nlp to deliver projects. | full stack developer at prismdata ltd (2019-2021): applied spark and pytorch to deliver projects. certifications comptia security+","nlp, pytorch, kafka, etl, rest apis, spark, github actions, hadoop","beng information technology, northumbria university (2021)",data analyst at nexgen analytics (2020-2021): applied pytorch and nlp to deliver projects. | full stack developer at prismdata ltd (2019-2021): applied spark and pytorch to deliver projects.,comptia security+,Male,White,0,0.5899443,0.39966744,0.35575908,0.52665687,0.0871531,44.0,0
JOB003,R1273,"job title: machine learning engineer company: nexgen analytics about the role: join our ml platform team to build, optimise and deploy production ml systems at scale. responsibilities: - develop and fine-tune deep learning models - build ml pipelines for training and inference - optimise model performance and latency - work with large-scale distributed data requirements: skills - deep expertise in python and ml frameworks (pytorch, tensorflow) - experience with nlp, computer vision or recommendation systems - knowledge of model deployment and mlops - big data tools: spark, hadoop, or similar - docker and kubernetes education - msc or phd in computer science, machine learning or related field preferred experience - 3+ years building ml systems in production - contributions to open-source ml projects are a plus certifications - aws machine learning specialty or google cloud ml engineer preferred","william smith email: r1273@email.com skills python, docker, spark, django, javascript, java education msc artificial intelligence, university of edinburgh (2014) work experience devops engineer at starline systems (2016-2019): applied javascript and django to deliver projects. certifications oracle certified java programmer, certified kubernetes administrator","python, docker, spark, django, javascript, java","msc artificial intelligence, university of edinburgh (2014)",devops engineer at starline systems (2016-2019): applied javascript and django to deliver projects.,"oracle certified java programmer, certified kubernetes administrator",Male,White,0,0.57716906,0.35156098,0.37123853,0.42067343,0.3517581,45.0,0
JOB003,R0818,"job title: machine learning engineer company: nexgen analytics about the role: join our ml platform team to build, optimise and deploy production ml systems at scale. responsibilities: - develop and fine-tune deep learning models - build ml pipelines for training and inference - optimise model performance and latency - work with large-scale distributed data requirements: skills - deep expertise in python and ml frameworks (pytorch, tensorflow) - experience with nlp, computer vision or recommendation systems - knowledge of model deployment and mlops - big data tools: spark, hadoop, or similar - docker and kubernetes education - msc or phd in computer science, machine learning or related field preferred experience - 3+ years building ml systems in production - contributions to open-source ml projects are a plus certifications - aws machine learning specialty or google cloud ml engineer preferred","daniel davis email: r0818@email.com skills typescript, statistics, ansible, tensorflow, model deployment, spark, big data education bsc statistics, university of bristol (2020) work experience full stack developer at globaltech systems (2019-2022): applied typescript and spark to deliver projects. | backend developer at betaworks (2022-2024): applied statistics and ansible to deliver projects. certifications agile scrum master","typescript, statistics, ansible, tensorflow, model deployment, spark, big data","bsc statistics, university of bristol (2020)",full stack developer at globaltech systems (2019-2022): applied typescript and spark to deliver projects. | backend developer at betaworks (2022-2024): applied statistics and ansible to deliver projects.,agile scrum master,Male,White,0,0.5763491,0.4781674,0.31702018,0.4593035,0.29356402,46.0,0
JOB003,R0352,"job title: machine learning engineer company: nexgen analytics about the role: join our ml platform team to build, optimise and deploy production ml systems at scale. responsibilities: - develop and fine-tune deep learning models - build ml pipelines for training and inference - optimise model performance and latency - work with large-scale distributed data requirements: skills - deep expertise in python and ml frameworks (pytorch, tensorflow) - experience with nlp, computer vision or recommendation systems - knowledge of model deployment and mlops - big data tools: spark, hadoop, or similar - docker and kubernetes education - msc or phd in computer science, machine learning or related field preferred experience - 3+ years building ml systems in production - contributions to open-source ml projects are a plus certifications - aws machine learning specialty or google cloud ml engineer preferred","jennifer thomas email: r0352@email.com skills pytorch, nlp, github actions, jenkins, deep learning, tensorflow education bsc software engineering, university of warwick (2022) work experience backend developer at quantum analytics (2019-2021): applied nlp and pytorch to deliver projects. | data analyst at vertex solutions (2022-2024): applied jenkins and deep learning to deliver projects. | junior developer at gamma digital (2017-2018): applied github actions and deep learning to deliver projects. certifications none","pytorch, nlp, github actions, jenkins, deep learning, tensorflow","bsc software engineering, university of warwick (2022)",backend developer at quantum analytics (2019-2021): applied nlp and pytorch to deliver projects. | data analyst at vertex solutions (2022-2024): applied jenkins and deep learning to deliver projects. | junior developer at gamma digital (2017-2018): applied github actions and deep learning to deliver projects.,,Female,White,1,0.57326066,0.39650995,0.40509352,0.46203384,0.10692346,47.0,0
JOB003,R0965,"job title: machine learning engineer company: nexgen analytics about the role: join our ml platform team to build, optimise and deploy production ml systems at scale. responsibilities: - develop and fine-tune deep learning models - build ml pipelines for training and inference - optimise model performance and latency - work with large-scale distributed data requirements: skills - deep expertise in python and ml frameworks (pytorch, tensorflow) - experience with nlp, computer vision or recommendation systems - knowledge of model deployment and mlops - big data tools: spark, hadoop, or similar - docker and kubernetes education - msc or phd in computer science, machine learning or related field preferred experience - 3+ years building ml systems in production - contributions to open-source ml projects are a plus certifications - aws machine learning specialty or google cloud ml engineer preferred","marcus osei email: r0965@email.com skills jenkins, nlp, elasticsearch, redis, microservices, airflow, fastapi, docker, pytorch education ba business information systems, university of manchester (2021) work experience data analyst at byteforge (2016-2017): applied docker and airflow to deliver projects. | backend developer at innovatesoft (2015-2016): applied redis and redis to deliver projects. certifications none","jenkins, nlp, elasticsearch, redis, microservices, airflow, fastapi, docker, pytorch","ba business information systems, university of manchester (2021)",data analyst at byteforge (2016-2017): applied docker and airflow to deliver projects. | backend developer at innovatesoft (2015-2016): applied redis and redis to deliver projects.,,Male,White,0,0.572718,0.45490533,0.30509675,0.45221806,0.106923446,48.0,0
JOB003,R1361,"job title: machine learning engineer company: nexgen analytics about the role: join our ml platform team to build, optimise and deploy production ml systems at scale. responsibilities: - develop and fine-tune deep learning models - build ml pipelines for training and inference - optimise model performance and latency - work with large-scale distributed data requirements: skills - deep expertise in python and ml frameworks (pytorch, tensorflow) - experience with nlp, computer vision or recommendation systems - knowledge of model deployment and mlops - big data tools: spark, hadoop, or similar - docker and kubernetes education - msc or phd in computer science, machine learning or related field preferred experience - 3+ years building ml systems in production - contributions to open-source ml projects are a plus certifications - aws machine learning specialty or google cloud ml engineer preferred","marcus johnson email: r1361@email.com skills docker, ansible, model deployment, python, pytorch, hadoop education msc artificial intelligence, city university of london (2012) work experience qa engineer at datasolutions uk (2022-2024): applied hadoop and pytorch to deliver projects. certifications none","docker, ansible, model deployment, python, pytorch, hadoop","msc artificial intelligence, city university of london (2012)",qa engineer at datasolutions uk (2022-2024): applied hadoop and pytorch to deliver projects.,,Male,Other,1,0.5638188,0.39865366,0.36830008,0.46677852,0.106923476,49.0,0
JOB003,R0817,"job title: machine learning engineer company: nexgen analytics about the role: join our ml platform team to build, optimise and deploy production ml systems at scale. responsibilities: - develop and fine-tune deep learning models - build ml pipelines for training and inference - optimise model performance and latency - work with large-scale distributed data requirements: skills - deep expertise in python and ml frameworks (pytorch, tensorflow) - experience with nlp, computer vision or recommendation systems - knowledge of model deployment and mlops - big data tools: spark, hadoop, or similar - docker and kubernetes education - msc or phd in computer science, machine learning or related field preferred experience - 3+ years building ml systems in production - contributions to open-source ml projects are a plus certifications - aws machine learning specialty or google cloud ml engineer preferred","mary traoré email: r0817@email.com skills java, model deployment, nlp, airflow, python education bsc cybersecurity, king's college london (2016) work experience qa engineer at innovatesoft (2015-2018): applied model deployment and nlp to deliver projects. | junior developer at datasolutions uk (2020-2021): applied nlp and java to deliver projects. | data engineer at quantum analytics (2021-2024): applied python and airflow to deliver projects. certifications none","java, model deployment, nlp, airflow, python","bsc cybersecurity, king's college london (2016)",qa engineer at innovatesoft (2015-2018): applied model deployment and nlp to deliver projects. | junior developer at datasolutions uk (2020-2021): applied nlp and java to deliver projects. | data engineer at quantum analytics (2021-2024): applied python and airflow to deliver projects.,,Female,White,0,0.5517276,0.34621036,0.36883694,0.47283623,0.106923476,50.0,0
JOB003,R1588,"job title: machine learning engineer company: nexgen analytics about the role: join our ml platform team to build, optimise and deploy production ml systems at scale. responsibilities: - develop and fine-tune deep learning models - build ml pipelines for training and inference - optimise model performance and latency - work with large-scale distributed data requirements: skills - deep expertise in python and ml frameworks (pytorch, tensorflow) - experience with nlp, computer vision or recommendation systems - knowledge of model deployment and mlops - big data tools: spark, hadoop, or similar - docker and kubernetes education - msc or phd in computer science, machine learning or related field preferred experience - 3+ years building ml systems in production - contributions to open-source ml projects are a plus certifications - aws machine learning specialty or google cloud ml engineer preferred","jennifer davis email: r1588@email.com skills dbt, spark, hadoop education msc computer science, university of greenwich (2020) work experience data engineer at alphatech (2018-2020): applied hadoop and spark to deliver projects. | data engineer at byteforge (2017-2019): applied dbt and spark to deliver projects. | full stack developer at starline systems (2017-2019): applied spark and spark to deliver projects. certifications none","dbt, spark, hadoop","msc computer science, university of greenwich (2020)",data engineer at alphatech (2018-2020): applied hadoop and spark to deliver projects. | data engineer at byteforge (2017-2019): applied dbt and spark to deliver projects. | full stack developer at starline systems (2017-2019): applied spark and spark to deliver projects.,,Female,White,0,0.5371609,0.3485883,0.37952572,0.4963959,0.106923476,51.0,0
JOB003,R0058,"job title: machine learning engineer company: nexgen analytics about the role: join our ml platform team to build, optimise and deploy production ml systems at scale. responsibilities: - develop and fine-tune deep learning models - build ml pipelines for training and inference - optimise model performance and latency - work with large-scale distributed data requirements: skills - deep expertise in python and ml frameworks (pytorch, tensorflow) - experience with nlp, computer vision or recommendation systems - knowledge of model deployment and mlops - big data tools: spark, hadoop, or similar - docker and kubernetes education - msc or phd in computer science, machine learning or related field preferred experience - 3+ years building ml systems in production - contributions to open-source ml projects are a plus certifications - aws machine learning specialty or google cloud ml engineer preferred","maria traoré email: r0058@email.com skills pandas, feature engineering, numpy, javascript, ci/cd, python education bsc data science, de montfort university (2017) work experience backend developer at innovatesoft (2021-2023): applied pandas and ci/cd to deliver projects. | devops engineer at quantum analytics (2022-2024): applied ci/cd and feature engineering to deliver projects. certifications none","pandas, feature engineering, numpy, javascript, ci/cd, python","bsc data science, de montfort university (2017)",backend developer at innovatesoft (2021-2023): applied pandas and ci/cd to deliver projects. | devops engineer at quantum analytics (2022-2024): applied ci/cd and feature engineering to deliver projects.,,Female,White,0,0.526685,0.32762694,0.41370806,0.4296795,0.106923446,52.0,0
JOB003,R1565,"job title: machine learning engineer company: nexgen analytics about the role: join our ml platform team to build, optimise and deploy production ml systems at scale. responsibilities: - develop and fine-tune deep learning models - build ml pipelines for training and inference - optimise model performance and latency - work with large-scale distributed data requirements: skills - deep expertise in python and ml frameworks (pytorch, tensorflow) - experience with nlp, computer vision or recommendation systems - knowledge of model deployment and mlops - big data tools: spark, hadoop, or similar - docker and kubernetes education - msc or phd in computer science, machine learning or related field preferred experience - 3+ years building ml systems in production - contributions to open-source ml projects are a plus certifications - aws machine learning specialty or google cloud ml engineer preferred","reese williams email: r1565@email.com skills fastapi, postgresql, c++, pytorch, gcp, python, linux, docker, feature engineering, spark education beng information technology, university of sheffield (2013) work experience software engineer at byteforge (2017-2020): applied python and pytorch to deliver projects. certifications tableau desktop specialist","fastapi, postgresql, c++, pytorch, gcp, python, linux, docker, feature engineering, spark","beng information technology, university of sheffield (2013)",software engineer at byteforge (2017-2020): applied python and pytorch to deliver projects.,tableau desktop specialist,Non-binary,White,1,0.5088799,0.4386393,0.29236072,0.36638546,0.23252936,53.0,0
JOB003,R1033,"job title: machine learning engineer company: nexgen analytics about the role: join our ml platform team to build, optimise and deploy production ml systems at scale. responsibilities: - develop and fine-tune deep learning models - build ml pipelines for training and inference - optimise model performance and latency - work with large-scale distributed data requirements: skills - deep expertise in python and ml frameworks (pytorch, tensorflow) - experience with nlp, computer vision or recommendation systems - knowledge of model deployment and mlops - big data tools: spark, hadoop, or similar - docker and kubernetes education - msc or phd in computer science, machine learning or related field preferred experience - 3+ years building ml systems in production - contributions to open-source ml projects are a plus certifications - aws machine learning specialty or google cloud ml engineer preferred","aisha gonzalez email: r1033@email.com skills typescript, pandas, tensorflow, pytorch, nlp, a/b testing, big data, ansible, bash education bsc mathematics, university of manchester (2024) work experience systems analyst at betaworks (2015-2016): applied typescript and a/b testing to deliver projects. certifications none","typescript, pandas, tensorflow, pytorch, nlp, a/b testing, big data, ansible, bash","bsc mathematics, university of manchester (2024)",systems analyst at betaworks (2015-2016): applied typescript and a/b testing to deliver projects.,,Female,White,0,0.4810425,0.38475513,0.2424266,0.23532604,0.106923476,54.0,0
JOB003,R1332,"job title: machine learning engineer company: nexgen analytics about the role: join our ml platform team to build, optimise and deploy production ml systems at scale. responsibilities: - develop and fine-tune deep learning models - build ml pipelines for training and inference - optimise model performance and latency - work with large-scale distributed data requirements: skills - deep expertise in python and ml frameworks (pytorch, tensorflow) - experience with nlp, computer vision or recommendation systems - knowledge of model deployment and mlops - big data tools: spark, hadoop, or similar - docker and kubernetes education - msc or phd in computer science, machine learning or related field preferred experience - 3+ years building ml systems in production - contributions to open-source ml projects are a plus certifications - aws machine learning specialty or google cloud ml engineer preferred","ahmed harris email: r1332@email.com skills pytorch, nlp, ansible, tensorflow, dbt, a/b testing, numpy, deep learning education bsc mathematics, king's college london (2010) work experience software engineer at vertex solutions (2020-2023): applied pytorch and nlp to deliver projects. certifications none","pytorch, nlp, ansible, tensorflow, dbt, a/b testing, numpy, deep learning","bsc mathematics, king's college london (2010)",software engineer at vertex solutions (2020-2023): applied pytorch and nlp to deliver projects.,,Male,White,1,0.4758185,0.44588235,0.24144512,0.30649802,0.106923476,55.0,0
JOB004,R1386,"job title: devops engineer company: cloudbase ltd about the role: we are hiring a devops engineer to manage our cloud infrastructure and streamline our deployment pipelines. responsibilities: - build and maintain ci/cd pipelines - manage kubernetes clusters and container orchestration - automate infrastructure using infrastructure-as-code - monitor system reliability and respond to incidents requirements: skills - strong experience with docker and kubernetes - ci/cd tools (jenkins, github actions, gitlab ci) - cloud platforms: aws, gcp or azure - infrastructure-as-code: terraform or ansible - scripting in python or bash education - bsc in computer science, it or equivalent experience - 2+ years in a devops or site reliability engineering role - experience with linux server administration certifications - aws solutions architect or certified kubernetes administrator preferred","kwame taylor email: r1386@email.com skills git, docker, machine learning, power bi, unit testing, linux, kubernetes, aws, ci/cd education bsc cybersecurity, coventry university (2019) work experience devops engineer at quantum analytics (2018-2021): applied linux and unit testing to deliver projects. | data analyst at nexgen analytics (2019-2020): applied machine learning and unit testing to deliver projects. | qa engineer at betaworks (2015-2017): applied kubernetes and ci/cd to deliver projects. certifications google professional data engineer, certified ethical hacker, aws solutions architect","git, docker, machine learning, power bi, unit testing, linux, kubernetes, aws, ci/cd","bsc cybersecurity, coventry university (2019)",devops engineer at quantum analytics (2018-2021): applied linux and unit testing to deliver projects. | data analyst at nexgen analytics (2019-2020): applied machine learning and unit testing to deliver projects. | qa engineer at betaworks (2015-2017): applied kubernetes and ci/cd to deliver projects.,"google professional data engineer, certified ethical hacker, aws solutions architect",Male,White,1,0.7650361,0.58591306,0.2877637,0.6416025,0.6251348,1.0,1
JOB004,R0774,"job title: devops engineer company: cloudbase ltd about the role: we are hiring a devops engineer to manage our cloud infrastructure and streamline our deployment pipelines. responsibilities: - build and maintain ci/cd pipelines - manage kubernetes clusters and container orchestration - automate infrastructure using infrastructure-as-code - monitor system reliability and respond to incidents requirements: skills - strong experience with docker and kubernetes - ci/cd tools (jenkins, github actions, gitlab ci) - cloud platforms: aws, gcp or azure - infrastructure-as-code: terraform or ansible - scripting in python or bash education - bsc in computer science, it or equivalent experience - 2+ years in a devops or site reliability engineering role - experience with linux server administration certifications - aws solutions architect or certified kubernetes administrator preferred","jennifer diallo email: r0774@email.com skills python, kubernetes, c++, docker, terraform, feature engineering, git, aws, microservices, linux, ci/cd education msc artificial intelligence, coventry university (2019) work experience devops engineer at vertex solutions (2017-2020): applied git and feature engineering to deliver projects. | junior developer at byteforge (2020-2022): applied terraform and docker to deliver projects. certifications none","python, kubernetes, c++, docker, terraform, feature engineering, git, aws, microservices, linux, ci/cd","msc artificial intelligence, coventry university (2019)",devops engineer at vertex solutions (2017-2020): applied git and feature engineering to deliver projects. | junior developer at byteforge (2020-2022): applied terraform and docker to deliver projects.,,Female,White,1,0.75956273,0.57653606,0.21866603,0.6249199,0.07283825,2.0,1
JOB004,R0935,"job title: devops engineer company: cloudbase ltd about the role: we are hiring a devops engineer to manage our cloud infrastructure and streamline our deployment pipelines. responsibilities: - build and maintain ci/cd pipelines - manage kubernetes clusters and container orchestration - automate infrastructure using infrastructure-as-code - monitor system reliability and respond to incidents requirements: skills - strong experience with docker and kubernetes - ci/cd tools (jenkins, github actions, gitlab ci) - cloud platforms: aws, gcp or azure - infrastructure-as-code: terraform or ansible - scripting in python or bash education - bsc in computer science, it or equivalent experience - 2+ years in a devops or site reliability engineering role - experience with linux server administration certifications - aws solutions architect or certified kubernetes administrator preferred","emma kim email: r0935@email.com skills ci/cd, git, postgresql, terraform, model deployment, kubernetes, etl, ansible, python, linux education bsc software engineering, de montfort university (2020) work experience data analyst at innovatesoft (2017-2018): applied postgresql and model deployment to deliver projects. | qa engineer at acme digital (2022-2023): applied postgresql and ci/cd to deliver projects. | devops engineer at globaltech systems (2018-2019): applied ansible and python to deliver projects. certifications aws certified developer, tensorflow developer certificate","ci/cd, git, postgresql, terraform, model deployment, kubernetes, etl, ansible, python, linux","bsc software engineering, de montfort university (2020)",data analyst at innovatesoft (2017-2018): applied postgresql and model deployment to deliver projects. | qa engineer at acme digital (2022-2023): applied postgresql and ci/cd to deliver projects. | devops engineer at globaltech systems (2018-2019): applied ansible and python to deliver projects.,"aws certified developer, tensorflow developer certificate",Female,Black,1,0.72831225,0.5489198,0.2953353,0.5448645,0.487773,3.0,1
JOB004,R0393,"job title: devops engineer company: cloudbase ltd about the role: we are hiring a devops engineer to manage our cloud infrastructure and streamline our deployment pipelines. responsibilities: - build and maintain ci/cd pipelines - manage kubernetes clusters and container orchestration - automate infrastructure using infrastructure-as-code - monitor system reliability and respond to incidents requirements: skills - strong experience with docker and kubernetes - ci/cd tools (jenkins, github actions, gitlab ci) - cloud platforms: aws, gcp or azure - infrastructure-as-code: terraform or ansible - scripting in python or bash education - bsc in computer science, it or equivalent experience - 2+ years in a devops or site reliability engineering role - experience with linux server administration certifications - aws solutions architect or certified kubernetes administrator preferred","john davis email: r0393@email.com skills kubernetes, c++, ci/cd, jenkins, elasticsearch, aws, docker, machine learning, r, computer vision education bsc data science, london metropolitan university (2017) work experience backend developer at gamma digital (2016-2017): applied elasticsearch and ci/cd to deliver projects. | junior developer at datasolutions uk (2019-2020): applied r and docker to deliver projects. | qa engineer at quantum analytics (2017-2019): applied kubernetes and computer vision to deliver projects. certifications microsoft azure fundamentals, certified ethical hacker","kubernetes, c++, ci/cd, jenkins, elasticsearch, aws, docker, machine learning, r, computer vision","bsc data science, london metropolitan university (2017)",backend developer at gamma digital (2016-2017): applied elasticsearch and ci/cd to deliver projects. | junior developer at datasolutions uk (2019-2020): applied r and docker to deliver projects. | qa engineer at quantum analytics (2017-2019): applied kubernetes and computer vision to deliver projects.,"microsoft azure fundamentals, certified ethical hacker",Male,White,1,0.71234834,0.57488334,0.18520148,0.58948547,0.32400912,4.0,1
JOB004,R1590,"job title: devops engineer company: cloudbase ltd about the role: we are hiring a devops engineer to manage our cloud infrastructure and streamline our deployment pipelines. responsibilities: - build and maintain ci/cd pipelines - manage kubernetes clusters and container orchestration - automate infrastructure using infrastructure-as-code - monitor system reliability and respond to incidents requirements: skills - strong experience with docker and kubernetes - ci/cd tools (jenkins, github actions, gitlab ci) - cloud platforms: aws, gcp or azure - infrastructure-as-code: terraform or ansible - scripting in python or bash education - bsc in computer science, it or equivalent experience - 2+ years in a devops or site reliability engineering role - experience with linux server administration certifications - aws solutions architect or certified kubernetes administrator preferred","sarah adeyemi email: r1590@email.com skills feature engineering, react, linux, aws, github actions, git, python, ci/cd, docker, terraform, kubernetes, postgresql education bsc computer science, city university of london (2012) work experience devops engineer at gamma digital (2015-2017): applied python and aws to deliver projects. | data engineer at acme digital (2016-2019): applied terraform and react to deliver projects. | machine learning engineer at vertex solutions (2021-2023): applied docker and docker to deliver projects. certifications tensorflow developer certificate","feature engineering, react, linux, aws, github actions, git, python, ci/cd, docker, terraform, kubernetes, postgresql","bsc computer science, city university of london (2012)",devops engineer at gamma digital (2015-2017): applied python and aws to deliver projects. | data engineer at acme digital (2016-2019): applied terraform and react to deliver projects. | machine learning engineer at vertex solutions (2021-2023): applied docker and docker to deliver projects.,tensorflow developer certificate,Female,White,1,0.7115519,0.5487548,0.15107276,0.6933093,0.30927217,5.0,1
JOB004,R0710,"job title: devops engineer company: cloudbase ltd about the role: we are hiring a devops engineer to manage our cloud infrastructure and streamline our deployment pipelines. responsibilities: - build and maintain ci/cd pipelines - manage kubernetes clusters and container orchestration - automate infrastructure using infrastructure-as-code - monitor system reliability and respond to incidents requirements: skills - strong experience with docker and kubernetes - ci/cd tools (jenkins, github actions, gitlab ci) - cloud platforms: aws, gcp or azure - infrastructure-as-code: terraform or ansible - scripting in python or bash education - bsc in computer science, it or equivalent experience - 2+ years in a devops or site reliability engineering role - experience with linux server administration certifications - aws solutions architect or certified kubernetes administrator preferred","james osei email: r0710@email.com skills aws, kubernetes, python, statistics, java, postgresql, terraform, fastapi education bsc computer science, university of hertfordshire (2016) work experience machine learning engineer at gamma digital (2017-2020): applied statistics and terraform to deliver projects. | backend developer at cloudbase ltd (2015-2016): applied kubernetes and java to deliver projects. | backend developer at nexgen analytics (2017-2019): applied java and python to deliver projects. certifications none","aws, kubernetes, python, statistics, java, postgresql, terraform, fastapi","bsc computer science, university of hertfordshire (2016)",machine learning engineer at gamma digital (2017-2020): applied statistics and terraform to deliver projects. | backend developer at cloudbase ltd (2015-2016): applied kubernetes and java to deliver projects. | backend developer at nexgen analytics (2017-2019): applied java and python to deliver projects.,,Male,White,1,0.70789707,0.5185567,0.20040032,0.5941956,0.07283825,6.0,1
JOB004,R1646,"job title: devops engineer company: cloudbase ltd about the role: we are hiring a devops engineer to manage our cloud infrastructure and streamline our deployment pipelines. responsibilities: - build and maintain ci/cd pipelines - manage kubernetes clusters and container orchestration - automate infrastructure using infrastructure-as-code - monitor system reliability and respond to incidents requirements: skills - strong experience with docker and kubernetes - ci/cd tools (jenkins, github actions, gitlab ci) - cloud platforms: aws, gcp or azure - infrastructure-as-code: terraform or ansible - scripting in python or bash education - bsc in computer science, it or equivalent experience - 2+ years in a devops or site reliability engineering role - experience with linux server administration certifications - aws solutions architect or certified kubernetes administrator preferred","mary white email: r1646@email.com skills docker, etl, ci/cd, a/b testing, kubernetes, aws education ba business information systems, northumbria university (2024) work experience data engineer at alphatech (2020-2023): applied etl and aws to deliver projects. | qa engineer at techcorp ltd (2020-2021): applied ci/cd and docker to deliver projects. | data analyst at alphatech (2017-2020): applied kubernetes and a/b testing to deliver projects. certifications aws certified developer, certified ethical hacker, agile scrum master","docker, etl, ci/cd, a/b testing, kubernetes, aws","ba business information systems, northumbria university (2024)",data engineer at alphatech (2020-2023): applied etl and aws to deliver projects. | qa engineer at techcorp ltd (2020-2021): applied ci/cd and docker to deliver projects. | data analyst at alphatech (2017-2020): applied kubernetes and a/b testing to deliver projects.,"aws certified developer, certified ethical hacker, agile scrum master",Female,White,1,0.70724976,0.5227103,0.23484297,0.64372694,0.5897661,7.0,1
JOB004,R1045,"job title: devops engineer company: cloudbase ltd about the role: we are hiring a devops engineer to manage our cloud infrastructure and streamline our deployment pipelines. responsibilities: - build and maintain ci/cd pipelines - manage kubernetes clusters and container orchestration - automate infrastructure using infrastructure-as-code - monitor system reliability and respond to incidents requirements: skills - strong experience with docker and kubernetes - ci/cd tools (jenkins, github actions, gitlab ci) - cloud platforms: aws, gcp or azure - infrastructure-as-code: terraform or ansible - scripting in python or bash education - bsc in computer science, it or equivalent experience - 2+ years in a devops or site reliability engineering role - experience with linux server administration certifications - aws solutions architect or certified kubernetes administrator preferred","aisha gonzalez email: r1045@email.com skills python, sql, docker, azure, git, kubernetes education bsc statistics, university of manchester (2013) work experience machine learning engineer at innovatesoft (2021-2022): applied kubernetes and docker to deliver projects. | full stack developer at prismdata ltd (2017-2020): applied kubernetes and docker to deliver projects. certifications tableau desktop specialist, oracle certified java programmer","python, sql, docker, azure, git, kubernetes","bsc statistics, university of manchester (2013)",machine learning engineer at innovatesoft (2021-2022): applied kubernetes and docker to deliver projects. | full stack developer at prismdata ltd (2017-2020): applied kubernetes and docker to deliver projects.,"tableau desktop specialist, oracle certified java programmer",Female,White,1,0.70168555,0.54185,0.13047728,0.5417269,0.30910212,8.0,1
JOB004,R1489,"job title: devops engineer company: cloudbase ltd about the role: we are hiring a devops engineer to manage our cloud infrastructure and streamline our deployment pipelines. responsibilities: - build and maintain ci/cd pipelines - manage kubernetes clusters and container orchestration - automate infrastructure using infrastructure-as-code - monitor system reliability and respond to incidents requirements: skills - strong experience with docker and kubernetes - ci/cd tools (jenkins, github actions, gitlab ci) - cloud platforms: aws, gcp or azure - infrastructure-as-code: terraform or ansible - scripting in python or bash education - bsc in computer science, it or equivalent experience - 2+ years in a devops or site reliability engineering role - experience with linux server administration certifications - aws solutions architect or certified kubernetes administrator preferred","marcus adeyemi email: r1489@email.com skills agile, aws, git, python, r, pandas, postgresql, model deployment, ci/cd, kubernetes, unit testing, linux, terraform, docker education bsc computer science, city university of london (2010) work experience systems analyst at prismdata ltd (2018-2019): applied linux and kubernetes to deliver projects. | systems analyst at gamma digital (2021-2023): applied docker and model deployment to deliver projects. certifications microsoft azure fundamentals, agile scrum master, tensorflow developer certificate","agile, aws, git, python, r, pandas, postgresql, model deployment, ci/cd, kubernetes, unit testing, linux, terraform, docker","bsc computer science, city university of london (2010)",systems analyst at prismdata ltd (2018-2019): applied linux and kubernetes to deliver projects. | systems analyst at gamma digital (2021-2023): applied docker and model deployment to deliver projects.,"microsoft azure fundamentals, agile scrum master, tensorflow developer certificate",Male,White,1,0.6989491,0.5665428,0.17034705,0.5077545,0.42329514,9.0,1
JOB004,R0460,"job title: devops engineer company: cloudbase ltd about the role: we are hiring a devops engineer to manage our cloud infrastructure and streamline our deployment pipelines. responsibilities: - build and maintain ci/cd pipelines - manage kubernetes clusters and container orchestration - automate infrastructure using infrastructure-as-code - monitor system reliability and respond to incidents requirements: skills - strong experience with docker and kubernetes - ci/cd tools (jenkins, github actions, gitlab ci) - cloud platforms: aws, gcp or azure - infrastructure-as-code: terraform or ansible - scripting in python or bash education - bsc in computer science, it or equivalent experience - 2+ years in a devops or site reliability engineering role - experience with linux server administration certifications - aws solutions architect or certified kubernetes administrator preferred","oliver harris email: r0460@email.com skills terraform, git, docker, ci/cd, kubernetes, redshift, tableau, linux education ba business information systems, university of birmingham (2014) work experience qa engineer at quantum analytics (2020-2021): applied terraform and git to deliver projects. certifications aws machine learning specialty","terraform, git, docker, ci/cd, kubernetes, redshift, tableau, linux","ba business information systems, university of birmingham (2014)",qa engineer at quantum analytics (2020-2021): applied terraform and git to deliver projects.,aws machine learning specialty,Male,Other,1,0.6906165,0.47462577,0.22899128,0.52145207,0.47462028,10.0,1
JOB004,R0660,"job title: devops engineer company: cloudbase ltd about the role: we are hiring a devops engineer to manage our cloud infrastructure and streamline our deployment pipelines. responsibilities: - build and maintain ci/cd pipelines - manage kubernetes clusters and container orchestration - automate infrastructure using infrastructure-as-code - monitor system reliability and respond to incidents requirements: skills - strong experience with docker and kubernetes - ci/cd tools (jenkins, github actions, gitlab ci) - cloud platforms: aws, gcp or azure - infrastructure-as-code: terraform or ansible - scripting in python or bash education - bsc in computer science, it or equivalent experience - 2+ years in a devops or site reliability engineering role - experience with linux server administration certifications - aws solutions architect or certified kubernetes administrator preferred","matthew wang email: r0660@email.com skills python, ci/cd, bigquery, feature engineering, kubernetes, javascript, redis, linux, docker, git education bsc statistics, university of edinburgh (2020) work experience devops engineer at globaltech systems (2021-2023): applied git and ci/cd to deliver projects. | full stack developer at gamma digital (2018-2021): applied bigquery and python to deliver projects. | junior developer at datasolutions uk (2019-2022): applied python and redis to deliver projects. certifications microsoft azure fundamentals, google professional data engineer","python, ci/cd, bigquery, feature engineering, kubernetes, javascript, redis, linux, docker, git","bsc statistics, university of edinburgh (2020)",devops engineer at globaltech systems (2021-2023): applied git and ci/cd to deliver projects. | full stack developer at gamma digital (2018-2021): applied bigquery and python to deliver projects. | junior developer at datasolutions uk (2019-2022): applied python and redis to deliver projects.,"microsoft azure fundamentals, google professional data engineer",Male,White,1,0.6897198,0.55511045,0.2175047,0.65224844,0.5176735,11.0,0
JOB004,R1370,"job title: devops engineer company: cloudbase ltd about the role: we are hiring a devops engineer to manage our cloud infrastructure and streamline our deployment pipelines. responsibilities: - build and maintain ci/cd pipelines - manage kubernetes clusters and container orchestration - automate infrastructure using infrastructure-as-code - monitor system reliability and respond to incidents requirements: skills - strong experience with docker and kubernetes - ci/cd tools (jenkins, github actions, gitlab ci) - cloud platforms: aws, gcp or azure - infrastructure-as-code: terraform or ansible - scripting in python or bash education - bsc in computer science, it or equivalent experience - 2+ years in a devops or site reliability engineering role - experience with linux server administration certifications - aws solutions architect or certified kubernetes administrator preferred","sophia johnson email: r1370@email.com skills feature engineering, microservices, redshift, terraform, docker, ci/cd, kubernetes, linux, big data, tensorflow, python education bsc cybersecurity, london metropolitan university (2010) work experience software engineer at globaltech systems (2021-2024): applied tensorflow and redshift to deliver projects. | software engineer at cloudbase ltd (2015-2017): applied ci/cd and kubernetes to deliver projects. | backend developer at gamma digital (2019-2020): applied tensorflow and tensorflow to deliver projects. certifications aws machine learning specialty, google cloud professional","feature engineering, microservices, redshift, terraform, docker, ci/cd, kubernetes, linux, big data, tensorflow, python","bsc cybersecurity, london metropolitan university (2010)",software engineer at globaltech systems (2021-2024): applied tensorflow and redshift to deliver projects. | software engineer at cloudbase ltd (2015-2017): applied ci/cd and kubernetes to deliver projects. | backend developer at gamma digital (2019-2020): applied tensorflow and tensorflow to deliver projects.,"aws machine learning specialty, google cloud professional",Female,Black,1,0.6880718,0.5209732,0.19589612,0.54586494,0.53521186,12.0,0
JOB004,R0831,"job title: devops engineer company: cloudbase ltd about the role: we are hiring a devops engineer to manage our cloud infrastructure and streamline our deployment pipelines. responsibilities: - build and maintain ci/cd pipelines - manage kubernetes clusters and container orchestration - automate infrastructure using infrastructure-as-code - monitor system reliability and respond to incidents requirements: skills - strong experience with docker and kubernetes - ci/cd tools (jenkins, github actions, gitlab ci) - cloud platforms: aws, gcp or azure - infrastructure-as-code: terraform or ansible - scripting in python or bash education - bsc in computer science, it or equivalent experience - 2+ years in a devops or site reliability engineering role - experience with linux server administration certifications - aws solutions architect or certified kubernetes administrator preferred","maria wilson email: r0831@email.com skills jenkins, scikit-learn, python, kafka, aws, data visualisation, docker, linux, sql, terraform, ci/cd education bsc data science, university of birmingham (2012) work experience qa engineer at quantum analytics (2015-2016): applied python and docker to deliver projects. | qa engineer at prismdata ltd (2015-2017): applied aws and docker to deliver projects. | systems analyst at starline systems (2020-2023): applied terraform and data visualisation to deliver projects. certifications google professional data engineer","jenkins, scikit-learn, python, kafka, aws, data visualisation, docker, linux, sql, terraform, ci/cd","bsc data science, university of birmingham (2012)",qa engineer at quantum analytics (2015-2016): applied python and docker to deliver projects. | qa engineer at prismdata ltd (2015-2017): applied aws and docker to deliver projects. | systems analyst at starline systems (2020-2023): applied terraform and data visualisation to deliver projects.,google professional data engineer,Female,White,1,0.68804413,0.52456146,0.20344713,0.58600736,0.4798026,13.0,0
JOB004,R1292,"job title: devops engineer company: cloudbase ltd about the role: we are hiring a devops engineer to manage our cloud infrastructure and streamline our deployment pipelines. responsibilities: - build and maintain ci/cd pipelines - manage kubernetes clusters and container orchestration - automate infrastructure using infrastructure-as-code - monitor system reliability and respond to incidents requirements: skills - strong experience with docker and kubernetes - ci/cd tools (jenkins, github actions, gitlab ci) - cloud platforms: aws, gcp or azure - infrastructure-as-code: terraform or ansible - scripting in python or bash education - bsc in computer science, it or equivalent experience - 2+ years in a devops or site reliability engineering role - experience with linux server administration certifications - aws solutions architect or certified kubernetes administrator preferred","william davis email: r1292@email.com skills linux, terraform, docker, git, airflow, ci/cd, numpy, python, aws, machine learning, kubernetes education bsc software engineering, university of leeds (2020) work experience data engineer at acme digital (2015-2018): applied numpy and ci/cd to deliver projects. certifications databricks certified associate, google cloud professional","linux, terraform, docker, git, airflow, ci/cd, numpy, python, aws, machine learning, kubernetes","bsc software engineering, university of leeds (2020)",data engineer at acme digital (2015-2018): applied numpy and ci/cd to deliver projects.,"databricks certified associate, google cloud professional",Male,White,1,0.68085563,0.5392565,0.2574522,0.40125892,0.47160837,14.0,0
JOB004,R0914,"job title: devops engineer company: cloudbase ltd about the role: we are hiring a devops engineer to manage our cloud infrastructure and streamline our deployment pipelines. responsibilities: - build and maintain ci/cd pipelines - manage kubernetes clusters and container orchestration - automate infrastructure using infrastructure-as-code - monitor system reliability and respond to incidents requirements: skills - strong experience with docker and kubernetes - ci/cd tools (jenkins, github actions, gitlab ci) - cloud platforms: aws, gcp or azure - infrastructure-as-code: terraform or ansible - scripting in python or bash education - bsc in computer science, it or equivalent experience - 2+ years in a devops or site reliability engineering role - experience with linux server administration certifications - aws solutions architect or certified kubernetes administrator preferred","sophia smith email: r0914@email.com skills aws, docker, c++, terraform, ci/cd, unit testing, linux, git education bsc cybersecurity, university of bristol (2014) work experience machine learning engineer at starline systems (2021-2023): applied ci/cd and git to deliver projects. certifications none","aws, docker, c++, terraform, ci/cd, unit testing, linux, git","bsc cybersecurity, university of bristol (2014)",machine learning engineer at starline systems (2021-2023): applied ci/cd and git to deliver projects.,,Female,White,1,0.6790371,0.5357877,0.21274611,0.43756586,0.07283827,15.0,0
JOB004,R0015,"job title: devops engineer company: cloudbase ltd about the role: we are hiring a devops engineer to manage our cloud infrastructure and streamline our deployment pipelines. responsibilities: - build and maintain ci/cd pipelines - manage kubernetes clusters and container orchestration - automate infrastructure using infrastructure-as-code - monitor system reliability and respond to incidents requirements: skills - strong experience with docker and kubernetes - ci/cd tools (jenkins, github actions, gitlab ci) - cloud platforms: aws, gcp or azure - infrastructure-as-code: terraform or ansible - scripting in python or bash education - bsc in computer science, it or equivalent experience - 2+ years in a devops or site reliability engineering role - experience with linux server administration certifications - aws solutions architect or certified kubernetes administrator preferred","priya walker email: r0015@email.com skills node.js, git, docker, react, python, django, linux education bsc mathematics, university of sheffield (2020) work experience data analyst at betaworks (2021-2022): applied python and node.js to deliver projects. | backend developer at betaworks (2020-2023): applied node.js and docker to deliver projects. | junior developer at acme digital (2022-2023): applied docker and react to deliver projects. certifications certified kubernetes administrator, pmp project management","node.js, git, docker, react, python, django, linux","bsc mathematics, university of sheffield (2020)",data analyst at betaworks (2021-2022): applied python and node.js to deliver projects. | backend developer at betaworks (2020-2023): applied node.js and docker to deliver projects. | junior developer at acme digital (2022-2023): applied docker and react to deliver projects.,"certified kubernetes administrator, pmp project management",Female,Asian,1,0.6719809,0.3573941,0.1166652,0.53565466,0.52056175,16.0,0
JOB004,R1523,"job title: devops engineer company: cloudbase ltd about the role: we are hiring a devops engineer to manage our cloud infrastructure and streamline our deployment pipelines. responsibilities: - build and maintain ci/cd pipelines - manage kubernetes clusters and container orchestration - automate infrastructure using infrastructure-as-code - monitor system reliability and respond to incidents requirements: skills - strong experience with docker and kubernetes - ci/cd tools (jenkins, github actions, gitlab ci) - cloud platforms: aws, gcp or azure - infrastructure-as-code: terraform or ansible - scripting in python or bash education - bsc in computer science, it or equivalent experience - 2+ years in a devops or site reliability engineering role - experience with linux server administration certifications - aws solutions architect or certified kubernetes administrator preferred","fatima moore email: r1523@email.com skills feature engineering, linux, aws, python, tensorflow, postgresql, kubernetes, machine learning education bsc computer science, university of manchester (2012) work experience qa engineer at cloudbase ltd (2021-2023): applied linux and machine learning to deliver projects. | data engineer at quantum analytics (2018-2021): applied kubernetes and machine learning to deliver projects. certifications aws solutions architect","feature engineering, linux, aws, python, tensorflow, postgresql, kubernetes, machine learning","bsc computer science, university of manchester (2012)",qa engineer at cloudbase ltd (2021-2023): applied linux and machine learning to deliver projects. | data engineer at quantum analytics (2018-2021): applied kubernetes and machine learning to deliver projects.,aws solutions architect,Female,Other,1,0.6700199,0.4984397,0.1396922,0.57155776,0.5073441,17.0,0
JOB004,R0131,"job title: devops engineer company: cloudbase ltd about the role: we are hiring a devops engineer to manage our cloud infrastructure and streamline our deployment pipelines. responsibilities: - build and maintain ci/cd pipelines - manage kubernetes clusters and container orchestration - automate infrastructure using infrastructure-as-code - monitor system reliability and respond to incidents requirements: skills - strong experience with docker and kubernetes - ci/cd tools (jenkins, github actions, gitlab ci) - cloud platforms: aws, gcp or azure - infrastructure-as-code: terraform or ansible - scripting in python or bash education - bsc in computer science, it or equivalent experience - 2+ years in a devops or site reliability engineering role - experience with linux server administration certifications - aws solutions architect or certified kubernetes administrator preferred","david martinez email: r0131@email.com skills power bi, python, tableau, aws, airflow, elasticsearch, git, model deployment, kubernetes, github actions education beng information technology, city university of london (2011) work experience qa engineer at datasolutions uk (2016-2019): applied kubernetes and git to deliver projects. | full stack developer at datasolutions uk (2016-2018): applied elasticsearch and airflow to deliver projects. certifications databricks certified associate","power bi, python, tableau, aws, airflow, elasticsearch, git, model deployment, kubernetes, github actions","beng information technology, city university of london (2011)",qa engineer at datasolutions uk (2016-2019): applied kubernetes and git to deliver projects. | full stack developer at datasolutions uk (2016-2018): applied elasticsearch and airflow to deliver projects.,databricks certified associate,Male,Black,1,0.66829866,0.47759047,0.15889582,0.61189127,0.34686077,18.0,0
JOB004,R0082,"job title: devops engineer company: cloudbase ltd about the role: we are hiring a devops engineer to manage our cloud infrastructure and streamline our deployment pipelines. responsibilities: - build and maintain ci/cd pipelines - manage kubernetes clusters and container orchestration - automate infrastructure using infrastructure-as-code - monitor system reliability and respond to incidents requirements: skills - strong experience with docker and kubernetes - ci/cd tools (jenkins, github actions, gitlab ci) - cloud platforms: aws, gcp or azure - infrastructure-as-code: terraform or ansible - scripting in python or bash education - bsc in computer science, it or equivalent experience - 2+ years in a devops or site reliability engineering role - experience with linux server administration certifications - aws solutions architect or certified kubernetes administrator preferred","daniel gonzalez email: r0082@email.com skills python, ci/cd, kubernetes, git, linux, system design, terraform, docker, numpy, fastapi, c++, aws education bsc statistics, de montfort university (2023) work experience full stack developer at alphatech (2015-2017): applied kubernetes and python to deliver projects. | qa engineer at starline systems (2016-2017): applied system design and system design to deliver projects. | data analyst at acme digital (2021-2022): applied terraform and python to deliver projects. certifications certified ethical hacker","python, ci/cd, kubernetes, git, linux, system design, terraform, docker, numpy, fastapi, c++, aws","bsc statistics, de montfort university (2023)",full stack developer at alphatech (2015-2017): applied kubernetes and python to deliver projects. | qa engineer at starline systems (2016-2017): applied system design and system design to deliver projects. | data analyst at acme digital (2021-2022): applied terraform and python to deliver projects.,certified ethical hacker,Male,Hispanic,1,0.6664301,0.5152265,0.21969372,0.61262333,0.23177937,19.0,0
JOB004,R1183,"job title: devops engineer company: cloudbase ltd about the role: we are hiring a devops engineer to manage our cloud infrastructure and streamline our deployment pipelines. responsibilities: - build and maintain ci/cd pipelines - manage kubernetes clusters and container orchestration - automate infrastructure using infrastructure-as-code - monitor system reliability and respond to incidents requirements: skills - strong experience with docker and kubernetes - ci/cd tools (jenkins, github actions, gitlab ci) - cloud platforms: aws, gcp or azure - infrastructure-as-code: terraform or ansible - scripting in python or bash education - bsc in computer science, it or equivalent experience - 2+ years in a devops or site reliability engineering role - experience with linux server administration certifications - aws solutions architect or certified kubernetes administrator preferred","raj adeyemi email: r1183@email.com skills docker, aws, kubernetes, kafka, linux, r, ci/cd, terraform education bsc statistics, university of warwick (2010) work experience systems analyst at gamma digital (2018-2019): applied aws and aws to deliver projects. | junior developer at prismdata ltd (2021-2024): applied aws and aws to deliver projects. | full stack developer at prismdata ltd (2020-2023): applied kafka and docker to deliver projects. certifications tableau desktop specialist","docker, aws, kubernetes, kafka, linux, r, ci/cd, terraform","bsc statistics, university of warwick (2010)",systems analyst at gamma digital (2018-2019): applied aws and aws to deliver projects. | junior developer at prismdata ltd (2021-2024): applied aws and aws to deliver projects. | full stack developer at prismdata ltd (2020-2023): applied kafka and docker to deliver projects.,tableau desktop specialist,Male,White,1,0.6623428,0.5237011,0.20038435,0.5238698,0.196939,20.0,0
JOB004,R0841,"job title: devops engineer company: cloudbase ltd about the role: we are hiring a devops engineer to manage our cloud infrastructure and streamline our deployment pipelines. responsibilities: - build and maintain ci/cd pipelines - manage kubernetes clusters and container orchestration - automate infrastructure using infrastructure-as-code - monitor system reliability and respond to incidents requirements: skills - strong experience with docker and kubernetes - ci/cd tools (jenkins, github actions, gitlab ci) - cloud platforms: aws, gcp or azure - infrastructure-as-code: terraform or ansible - scripting in python or bash education - bsc in computer science, it or equivalent experience - 2+ years in a devops or site reliability engineering role - experience with linux server administration certifications - aws solutions architect or certified kubernetes administrator preferred","kevin osei email: r0841@email.com skills ci/cd, kubernetes, sql, aws, docker, statistics, python, git, terraform, linux education bsc data science, university of hertfordshire (2011) work experience junior developer at acme digital (2022-2023): applied git and statistics to deliver projects. | software engineer at vertex solutions (2019-2021): applied sql and linux to deliver projects. certifications tensorflow developer certificate","ci/cd, kubernetes, sql, aws, docker, statistics, python, git, terraform, linux","bsc data science, university of hertfordshire (2011)",junior developer at acme digital (2022-2023): applied git and statistics to deliver projects. | software engineer at vertex solutions (2019-2021): applied sql and linux to deliver projects.,tensorflow developer certificate,Male,Black,1,0.6616436,0.5650551,0.19993019,0.43874845,0.30927217,21.0,0
JOB004,R0308,"job title: devops engineer company: cloudbase ltd about the role: we are hiring a devops engineer to manage our cloud infrastructure and streamline our deployment pipelines. responsibilities: - build and maintain ci/cd pipelines - manage kubernetes clusters and container orchestration - automate infrastructure using infrastructure-as-code - monitor system reliability and respond to incidents requirements: skills - strong experience with docker and kubernetes - ci/cd tools (jenkins, github actions, gitlab ci) - cloud platforms: aws, gcp or azure - infrastructure-as-code: terraform or ansible - scripting in python or bash education - bsc in computer science, it or equivalent experience - 2+ years in a devops or site reliability engineering role - experience with linux server administration certifications - aws solutions architect or certified kubernetes administrator preferred","sarah martin email: r0308@email.com skills ci/cd, computer vision, redis, docker, aws, linux education bsc data science, university of greenwich (2017) work experience qa engineer at alphatech (2021-2024): applied linux and computer vision to deliver projects. | data engineer at globaltech systems (2019-2021): applied ci/cd and docker to deliver projects. | software engineer at prismdata ltd (2021-2022): applied aws and ci/cd to deliver projects. certifications aws machine learning specialty","ci/cd, computer vision, redis, docker, aws, linux","bsc data science, university of greenwich (2017)",qa engineer at alphatech (2021-2024): applied linux and computer vision to deliver projects. | data engineer at globaltech systems (2019-2021): applied ci/cd and docker to deliver projects. | software engineer at prismdata ltd (2021-2022): applied aws and ci/cd to deliver projects.,aws machine learning specialty,Female,White,1,0.66099286,0.4419619,0.19661562,0.6085391,0.47462028,22.0,0
JOB004,R0238,"job title: devops engineer company: cloudbase ltd about the role: we are hiring a devops engineer to manage our cloud infrastructure and streamline our deployment pipelines. responsibilities: - build and maintain ci/cd pipelines - manage kubernetes clusters and container orchestration - automate infrastructure using infrastructure-as-code - monitor system reliability and respond to incidents requirements: skills - strong experience with docker and kubernetes - ci/cd tools (jenkins, github actions, gitlab ci) - cloud platforms: aws, gcp or azure - infrastructure-as-code: terraform or ansible - scripting in python or bash education - bsc in computer science, it or equivalent experience - 2+ years in a devops or site reliability engineering role - experience with linux server administration certifications - aws solutions architect or certified kubernetes administrator preferred","daniel nguyen email: r0238@email.com skills computer vision, docker, system design, linux, github actions, python, git education ba business information systems, university of leeds (2018) work experience junior developer at vertex solutions (2015-2017): applied github actions and github actions to deliver projects. | machine learning engineer at globaltech systems (2019-2022): applied docker and python to deliver projects. | machine learning engineer at gamma digital (2018-2021): applied python and linux to deliver projects. certifications aws certified developer","computer vision, docker, system design, linux, github actions, python, git","ba business information systems, university of leeds (2018)",junior developer at vertex solutions (2015-2017): applied github actions and github actions to deliver projects. | machine learning engineer at globaltech systems (2019-2022): applied docker and python to deliver projects. | machine learning engineer at gamma digital (2018-2021): applied python and linux to deliver projects.,aws certified developer,Male,Black,1,0.65708387,0.38625747,0.18951228,0.4992577,0.5876194,23.0,0
JOB004,R0024,"job title: devops engineer company: cloudbase ltd about the role: we are hiring a devops engineer to manage our cloud infrastructure and streamline our deployment pipelines. responsibilities: - build and maintain ci/cd pipelines - manage kubernetes clusters and container orchestration - automate infrastructure using infrastructure-as-code - monitor system reliability and respond to incidents requirements: skills - strong experience with docker and kubernetes - ci/cd tools (jenkins, github actions, gitlab ci) - cloud platforms: aws, gcp or azure - infrastructure-as-code: terraform or ansible - scripting in python or bash education - bsc in computer science, it or equivalent experience - 2+ years in a devops or site reliability engineering role - experience with linux server administration certifications - aws solutions architect or certified kubernetes administrator preferred","david lopez email: r0024@email.com skills bash, system design, node.js, terraform, numpy, kubernetes, linux, tableau, a/b testing, python education ba business information systems, university of bristol (2011) work experience data engineer at gamma digital (2016-2017): applied tableau and system design to deliver projects. | qa engineer at quantum analytics (2019-2022): applied bash and kubernetes to deliver projects. | software engineer at vertex solutions (2022-2024): applied a/b testing and tableau to deliver projects. certifications tensorflow developer certificate, oracle certified java programmer","bash, system design, node.js, terraform, numpy, kubernetes, linux, tableau, a/b testing, python","ba business information systems, university of bristol (2011)",data engineer at gamma digital (2016-2017): applied tableau and system design to deliver projects. | qa engineer at quantum analytics (2019-2022): applied bash and kubernetes to deliver projects. | software engineer at vertex solutions (2022-2024): applied a/b testing and tableau to deliver projects.,"tensorflow developer certificate, oracle certified java programmer",Male,White,1,0.65565205,0.4951615,0.22644828,0.49277234,0.32846498,24.0,0
JOB004,R1618,"job title: devops engineer company: cloudbase ltd about the role: we are hiring a devops engineer to manage our cloud infrastructure and streamline our deployment pipelines. responsibilities: - build and maintain ci/cd pipelines - manage kubernetes clusters and container orchestration - automate infrastructure using infrastructure-as-code - monitor system reliability and respond to incidents requirements: skills - strong experience with docker and kubernetes - ci/cd tools (jenkins, github actions, gitlab ci) - cloud platforms: aws, gcp or azure - infrastructure-as-code: terraform or ansible - scripting in python or bash education - bsc in computer science, it or equivalent experience - 2+ years in a devops or site reliability engineering role - experience with linux server administration certifications - aws solutions architect or certified kubernetes administrator preferred","mei brown email: r1618@email.com skills git, linux, ci/cd, deep learning, agile, model deployment, aws, redis, computer vision, kafka education bsc cybersecurity, king's college london (2013) work experience backend developer at acme digital (2020-2022): applied git and linux to deliver projects. certifications databricks certified associate, aws machine learning specialty, tableau desktop specialist","git, linux, ci/cd, deep learning, agile, model deployment, aws, redis, computer vision, kafka","bsc cybersecurity, king's college london (2013)",backend developer at acme digital (2020-2022): applied git and linux to deliver projects.,"databricks certified associate, aws machine learning specialty, tableau desktop specialist",Female,White,1,0.65432215,0.51769394,0.22529083,0.4456889,0.46604913,25.0,0
JOB004,R1318,"job title: devops engineer company: cloudbase ltd about the role: we are hiring a devops engineer to manage our cloud infrastructure and streamline our deployment pipelines. responsibilities: - build and maintain ci/cd pipelines - manage kubernetes clusters and container orchestration - automate infrastructure using infrastructure-as-code - monitor system reliability and respond to incidents requirements: skills - strong experience with docker and kubernetes - ci/cd tools (jenkins, github actions, gitlab ci) - cloud platforms: aws, gcp or azure - infrastructure-as-code: terraform or ansible - scripting in python or bash education - bsc in computer science, it or equivalent experience - 2+ years in a devops or site reliability engineering role - experience with linux server administration certifications - aws solutions architect or certified kubernetes administrator preferred","sarah white email: r1318@email.com skills gcp, linux, c++, python, terraform, airflow, model deployment education bsc statistics, university of greenwich (2018) work experience systems analyst at vertex solutions (2020-2021): applied linux and model deployment to deliver projects. | qa engineer at techcorp ltd (2015-2017): applied c++ and model deployment to deliver projects. certifications certified kubernetes administrator","gcp, linux, c++, python, terraform, airflow, model deployment","bsc statistics, university of greenwich (2018)",systems analyst at vertex solutions (2020-2021): applied linux and model deployment to deliver projects. | qa engineer at techcorp ltd (2015-2017): applied c++ and model deployment to deliver projects.,certified kubernetes administrator,Female,Black,0,0.65188205,0.4212085,0.16018936,0.38765723,0.52725935,26.0,0
JOB004,R0410,"job title: devops engineer company: cloudbase ltd about the role: we are hiring a devops engineer to manage our cloud infrastructure and streamline our deployment pipelines. responsibilities: - build and maintain ci/cd pipelines - manage kubernetes clusters and container orchestration - automate infrastructure using infrastructure-as-code - monitor system reliability and respond to incidents requirements: skills - strong experience with docker and kubernetes - ci/cd tools (jenkins, github actions, gitlab ci) - cloud platforms: aws, gcp or azure - infrastructure-as-code: terraform or ansible - scripting in python or bash education - bsc in computer science, it or equivalent experience - 2+ years in a devops or site reliability engineering role - experience with linux server administration certifications - aws solutions architect or certified kubernetes administrator preferred","liam anderson email: r0410@email.com skills git, docker, system design, aws, tableau, c++, python, linux, kubernetes, ci/cd, terraform education beng information technology, coventry university (2021) work experience software engineer at nexgen analytics (2021-2023): applied docker and linux to deliver projects. | devops engineer at alphatech (2016-2019): applied system design and tableau to deliver projects. certifications none","git, docker, system design, aws, tableau, c++, python, linux, kubernetes, ci/cd, terraform","beng information technology, coventry university (2021)",software engineer at nexgen analytics (2021-2023): applied docker and linux to deliver projects. | devops engineer at alphatech (2016-2019): applied system design and tableau to deliver projects.,,Male,White,1,0.65065444,0.5467696,0.2341733,0.54492587,0.07283827,27.0,0
JOB004,R0797,"job title: devops engineer company: cloudbase ltd about the role: we are hiring a devops engineer to manage our cloud infrastructure and streamline our deployment pipelines. responsibilities: - build and maintain ci/cd pipelines - manage kubernetes clusters and container orchestration - automate infrastructure using infrastructure-as-code - monitor system reliability and respond to incidents requirements: skills - strong experience with docker and kubernetes - ci/cd tools (jenkins, github actions, gitlab ci) - cloud platforms: aws, gcp or azure - infrastructure-as-code: terraform or ansible - scripting in python or bash education - bsc in computer science, it or equivalent experience - 2+ years in a devops or site reliability engineering role - experience with linux server administration certifications - aws solutions architect or certified kubernetes administrator preferred","raj chen email: r0797@email.com skills git, aws, agile, sql, redis, dbt, nlp, docker, linux education bsc mathematics, university of hertfordshire (2014) work experience data analyst at byteforge (2017-2019): applied dbt and docker to deliver projects. | backend developer at prismdata ltd (2015-2017): applied redis and git to deliver projects. certifications certified kubernetes administrator","git, aws, agile, sql, redis, dbt, nlp, docker, linux","bsc mathematics, university of hertfordshire (2014)",data analyst at byteforge (2017-2019): applied dbt and docker to deliver projects. | backend developer at prismdata ltd (2015-2017): applied redis and git to deliver projects.,certified kubernetes administrator,Male,White,1,0.6494696,0.47688642,0.098721236,0.37620986,0.52725935,28.0,0
JOB004,R1366,"job title: devops engineer company: cloudbase ltd about the role: we are hiring a devops engineer to manage our cloud infrastructure and streamline our deployment pipelines. responsibilities: - build and maintain ci/cd pipelines - manage kubernetes clusters and container orchestration - automate infrastructure using infrastructure-as-code - monitor system reliability and respond to incidents requirements: skills - strong experience with docker and kubernetes - ci/cd tools (jenkins, github actions, gitlab ci) - cloud platforms: aws, gcp or azure - infrastructure-as-code: terraform or ansible - scripting in python or bash education - bsc in computer science, it or equivalent experience - 2+ years in a devops or site reliability engineering role - experience with linux server administration certifications - aws solutions architect or certified kubernetes administrator preferred","carlos diallo email: r1366@email.com skills pandas, kafka, numpy, aws, r, git, docker, mongodb, python, bash education bsc computer science, university of hertfordshire (2010) work experience qa engineer at prismdata ltd (2016-2017): applied bash and mongodb to deliver projects. | junior developer at starline systems (2017-2020): applied numpy and python to deliver projects. | devops engineer at vertex solutions (2019-2022): applied kafka and git to deliver projects. certifications agile scrum master, microsoft azure fundamentals","pandas, kafka, numpy, aws, r, git, docker, mongodb, python, bash","bsc computer science, university of hertfordshire (2010)",qa engineer at prismdata ltd (2016-2017): applied bash and mongodb to deliver projects. | junior developer at starline systems (2017-2020): applied numpy and python to deliver projects. | devops engineer at vertex solutions (2019-2022): applied kafka and git to deliver projects.,"agile scrum master, microsoft azure fundamentals",Male,Other,1,0.649212,0.33396673,0.1993658,0.504771,0.3494244,29.0,0
JOB004,R0490,"job title: devops engineer company: cloudbase ltd about the role: we are hiring a devops engineer to manage our cloud infrastructure and streamline our deployment pipelines. responsibilities: - build and maintain ci/cd pipelines - manage kubernetes clusters and container orchestration - automate infrastructure using infrastructure-as-code - monitor system reliability and respond to incidents requirements: skills - strong experience with docker and kubernetes - ci/cd tools (jenkins, github actions, gitlab ci) - cloud platforms: aws, gcp or azure - infrastructure-as-code: terraform or ansible - scripting in python or bash education - bsc in computer science, it or equivalent experience - 2+ years in a devops or site reliability engineering role - experience with linux server administration certifications - aws solutions architect or certified kubernetes administrator preferred","barbara martinez email: r0490@email.com skills git, linux, node.js, aws, jenkins, javascript education bsc cybersecurity, university of leeds (2018) work experience data analyst at prismdata ltd (2020-2022): applied linux and jenkins to deliver projects. | systems analyst at nexgen analytics (2015-2017): applied javascript and node.js to deliver projects. | data analyst at gamma digital (2015-2017): applied node.js and javascript to deliver projects. certifications microsoft azure fundamentals, aws machine learning specialty, agile scrum master","git, linux, node.js, aws, jenkins, javascript","bsc cybersecurity, university of leeds (2018)",data analyst at prismdata ltd (2020-2022): applied linux and jenkins to deliver projects. | systems analyst at nexgen analytics (2015-2017): applied javascript and node.js to deliver projects. | data analyst at gamma digital (2015-2017): applied node.js and javascript to deliver projects.,"microsoft azure fundamentals, aws machine learning specialty, agile scrum master",Female,White,0,0.64425904,0.46855974,0.20109099,0.4603091,0.49526086,30.0,0
JOB004,R0023,"job title: devops engineer company: cloudbase ltd about the role: we are hiring a devops engineer to manage our cloud infrastructure and streamline our deployment pipelines. responsibilities: - build and maintain ci/cd pipelines - manage kubernetes clusters and container orchestration - automate infrastructure using infrastructure-as-code - monitor system reliability and respond to incidents requirements: skills - strong experience with docker and kubernetes - ci/cd tools (jenkins, github actions, gitlab ci) - cloud platforms: aws, gcp or azure - infrastructure-as-code: terraform or ansible - scripting in python or bash education - bsc in computer science, it or equivalent experience - 2+ years in a devops or site reliability engineering role - experience with linux server administration certifications - aws solutions architect or certified kubernetes administrator preferred","david osei email: r0023@email.com skills ansible, sql, numpy, linux, redis education bsc computer science, london metropolitan university (2012) work experience devops engineer at gamma digital (2021-2022): applied ansible and sql to deliver projects. | systems analyst at quantum analytics (2022-2025): applied redis and linux to deliver projects. | data analyst at prismdata ltd (2022-2025): applied linux and redis to deliver projects. certifications tensorflow developer certificate, oracle certified java programmer, certified kubernetes administrator","ansible, sql, numpy, linux, redis","bsc computer science, london metropolitan university (2012)",devops engineer at gamma digital (2021-2022): applied ansible and sql to deliver projects. | systems analyst at quantum analytics (2022-2025): applied redis and linux to deliver projects. | data analyst at prismdata ltd (2022-2025): applied linux and redis to deliver projects.,"tensorflow developer certificate, oracle certified java programmer, certified kubernetes administrator",Male,White,0,0.6433642,0.34302515,0.16985543,0.6113113,0.5152327,31.0,0
JOB004,R0539,"job title: devops engineer company: cloudbase ltd about the role: we are hiring a devops engineer to manage our cloud infrastructure and streamline our deployment pipelines. responsibilities: - build and maintain ci/cd pipelines - manage kubernetes clusters and container orchestration - automate infrastructure using infrastructure-as-code - monitor system reliability and respond to incidents requirements: skills - strong experience with docker and kubernetes - ci/cd tools (jenkins, github actions, gitlab ci) - cloud platforms: aws, gcp or azure - infrastructure-as-code: terraform or ansible - scripting in python or bash education - bsc in computer science, it or equivalent experience - 2+ years in a devops or site reliability engineering role - experience with linux server administration certifications - aws solutions architect or certified kubernetes administrator preferred","sophia walker email: r0539@email.com skills microservices, python, git, docker, bash, system design, terraform, aws, linux education ba business information systems, city university of london (2023) work experience data analyst at prismdata ltd (2019-2022): applied bash and linux to deliver projects. certifications none","microservices, python, git, docker, bash, system design, terraform, aws, linux","ba business information systems, city university of london (2023)",data analyst at prismdata ltd (2019-2022): applied bash and linux to deliver projects.,,Female,Other,1,0.6425542,0.51551735,0.19168553,0.38504326,0.0728383,32.0,0
JOB004,R0227,"job title: devops engineer company: cloudbase ltd about the role: we are hiring a devops engineer to manage our cloud infrastructure and streamline our deployment pipelines. responsibilities: - build and maintain ci/cd pipelines - manage kubernetes clusters and container orchestration - automate infrastructure using infrastructure-as-code - monitor system reliability and respond to incidents requirements: skills - strong experience with docker and kubernetes - ci/cd tools (jenkins, github actions, gitlab ci) - cloud platforms: aws, gcp or azure - infrastructure-as-code: terraform or ansible - scripting in python or bash education - bsc in computer science, it or equivalent experience - 2+ years in a devops or site reliability engineering role - experience with linux server administration certifications - aws solutions architect or certified kubernetes administrator preferred","mary traoré email: r0227@email.com skills aws, git, kafka, machine learning, ci/cd education bsc computer science, university of sheffield (2018) work experience machine learning engineer at acme digital (2017-2018): applied ci/cd and aws to deliver projects. | data analyst at innovatesoft (2022-2024): applied kafka and kafka to deliver projects. | data engineer at byteforge (2018-2021): applied ci/cd and ci/cd to deliver projects. certifications aws certified developer, google cloud professional, oracle certified java programmer","aws, git, kafka, machine learning, ci/cd","bsc computer science, university of sheffield (2018)",machine learning engineer at acme digital (2017-2018): applied ci/cd and aws to deliver projects. | data analyst at innovatesoft (2022-2024): applied kafka and kafka to deliver projects. | data engineer at byteforge (2018-2021): applied ci/cd and ci/cd to deliver projects.,"aws certified developer, google cloud professional, oracle certified java programmer",Female,White,0,0.63497233,0.5035289,0.16269258,0.5513685,0.64926875,33.0,0
JOB004,R1673,"job title: devops engineer company: cloudbase ltd about the role: we are hiring a devops engineer to manage our cloud infrastructure and streamline our deployment pipelines. responsibilities: - build and maintain ci/cd pipelines - manage kubernetes clusters and container orchestration - automate infrastructure using infrastructure-as-code - monitor system reliability and respond to incidents requirements: skills - strong experience with docker and kubernetes - ci/cd tools (jenkins, github actions, gitlab ci) - cloud platforms: aws, gcp or azure - infrastructure-as-code: terraform or ansible - scripting in python or bash education - bsc in computer science, it or equivalent experience - 2+ years in a devops or site reliability engineering role - experience with linux server administration certifications - aws solutions architect or certified kubernetes administrator preferred","jennifer thompson email: r1673@email.com skills typescript, ci/cd, sql, docker, kubernetes, terraform education msc computer science, university of sheffield (2014) work experience software engineer at alphatech (2016-2017): applied terraform and ci/cd to deliver projects. | junior developer at innovatesoft (2019-2022): applied typescript and ci/cd to deliver projects. certifications none","typescript, ci/cd, sql, docker, kubernetes, terraform","msc computer science, university of sheffield (2014)",software engineer at alphatech (2016-2017): applied terraform and ci/cd to deliver projects. | junior developer at innovatesoft (2019-2022): applied typescript and ci/cd to deliver projects.,,Female,White,1,0.63185936,0.49046582,0.13987648,0.5105013,0.07283827,34.0,0
JOB004,R1060,"job title: devops engineer company: cloudbase ltd about the role: we are hiring a devops engineer to manage our cloud infrastructure and streamline our deployment pipelines. responsibilities: - build and maintain ci/cd pipelines - manage kubernetes clusters and container orchestration - automate infrastructure using infrastructure-as-code - monitor system reliability and respond to incidents requirements: skills - strong experience with docker and kubernetes - ci/cd tools (jenkins, github actions, gitlab ci) - cloud platforms: aws, gcp or azure - infrastructure-as-code: terraform or ansible - scripting in python or bash education - bsc in computer science, it or equivalent experience - 2+ years in a devops or site reliability engineering role - experience with linux server administration certifications - aws solutions architect or certified kubernetes administrator preferred","jennifer nguyen email: r1060@email.com skills git, linux, javascript, github actions, python, aws education bsc mathematics, london metropolitan university (2011) work experience qa engineer at acme digital (2019-2020): applied python and linux to deliver projects. | machine learning engineer at acme digital (2021-2023): applied github actions and aws to deliver projects. certifications none","git, linux, javascript, github actions, python, aws","bsc mathematics, london metropolitan university (2011)",qa engineer at acme digital (2019-2020): applied python and linux to deliver projects. | machine learning engineer at acme digital (2021-2023): applied github actions and aws to deliver projects.,,Female,White,1,0.61910033,0.37315822,0.054945085,0.555453,0.07283827,35.0,0
JOB004,R0358,"job title: devops engineer company: cloudbase ltd about the role: we are hiring a devops engineer to manage our cloud infrastructure and streamline our deployment pipelines. responsibilities: - build and maintain ci/cd pipelines - manage kubernetes clusters and container orchestration - automate infrastructure using infrastructure-as-code - monitor system reliability and respond to incidents requirements: skills - strong experience with docker and kubernetes - ci/cd tools (jenkins, github actions, gitlab ci) - cloud platforms: aws, gcp or azure - infrastructure-as-code: terraform or ansible - scripting in python or bash education - bsc in computer science, it or equivalent experience - 2+ years in a devops or site reliability engineering role - experience with linux server administration certifications - aws solutions architect or certified kubernetes administrator preferred","michael martinez email: r0358@email.com skills docker, nlp, linux, unit testing, ci/cd, hadoop, terraform, data visualisation, a/b testing, airflow, git, python education msc computer science, university of warwick (2013) work experience systems analyst at gamma digital (2015-2018): applied nlp and nlp to deliver projects. certifications aws machine learning specialty, oracle certified java programmer, tensorflow developer certificate","docker, nlp, linux, unit testing, ci/cd, hadoop, terraform, data visualisation, a/b testing, airflow, git, python","msc computer science, university of warwick (2013)",systems analyst at gamma digital (2015-2018): applied nlp and nlp to deliver projects.,"aws machine learning specialty, oracle certified java programmer, tensorflow developer certificate",Male,White,1,0.61791813,0.4983033,0.15962067,0.25097513,0.54833907,36.0,0
JOB004,R1527,"job title: devops engineer company: cloudbase ltd about the role: we are hiring a devops engineer to manage our cloud infrastructure and streamline our deployment pipelines. responsibilities: - build and maintain ci/cd pipelines - manage kubernetes clusters and container orchestration - automate infrastructure using infrastructure-as-code - monitor system reliability and respond to incidents requirements: skills - strong experience with docker and kubernetes - ci/cd tools (jenkins, github actions, gitlab ci) - cloud platforms: aws, gcp or azure - infrastructure-as-code: terraform or ansible - scripting in python or bash education - bsc in computer science, it or equivalent experience - 2+ years in a devops or site reliability engineering role - experience with linux server administration certifications - aws solutions architect or certified kubernetes administrator preferred","ahmed white email: r1527@email.com skills terraform, tableau, feature engineering, spark, python, redis, bash, kubernetes education bsc data science, university of birmingham (2014) work experience devops engineer at starline systems (2022-2023): applied bash and redis to deliver projects. | qa engineer at datasolutions uk (2019-2022): applied tableau and bash to deliver projects. | systems analyst at alphatech (2016-2017): applied feature engineering and python to deliver projects. certifications none","terraform, tableau, feature engineering, spark, python, redis, bash, kubernetes","bsc data science, university of birmingham (2014)",devops engineer at starline systems (2022-2023): applied bash and redis to deliver projects. | qa engineer at datasolutions uk (2019-2022): applied tableau and bash to deliver projects. | systems analyst at alphatech (2016-2017): applied feature engineering and python to deliver projects.,,Male,White,0,0.61717606,0.53746074,0.21187687,0.59920424,0.07283825,37.0,0
JOB004,R0002,"job title: devops engineer company: cloudbase ltd about the role: we are hiring a devops engineer to manage our cloud infrastructure and streamline our deployment pipelines. responsibilities: - build and maintain ci/cd pipelines - manage kubernetes clusters and container orchestration - automate infrastructure using infrastructure-as-code - monitor system reliability and respond to incidents requirements: skills - strong experience with docker and kubernetes - ci/cd tools (jenkins, github actions, gitlab ci) - cloud platforms: aws, gcp or azure - infrastructure-as-code: terraform or ansible - scripting in python or bash education - bsc in computer science, it or equivalent experience - 2+ years in a devops or site reliability engineering role - experience with linux server administration certifications - aws solutions architect or certified kubernetes administrator preferred","james rodriguez email: r0002@email.com skills ci/cd, kubernetes, jenkins, docker, big data, terraform, tableau, computer vision education msc computer science, london metropolitan university (2023) work experience backend developer at techcorp ltd (2021-2022): applied tableau and kubernetes to deliver projects. certifications tableau desktop specialist, databricks certified associate","ci/cd, kubernetes, jenkins, docker, big data, terraform, tableau, computer vision","msc computer science, london metropolitan university (2023)",backend developer at techcorp ltd (2021-2022): applied tableau and kubernetes to deliver projects.,"tableau desktop specialist, databricks certified associate",Male,White,1,0.61583084,0.57992566,0.24509585,0.44297904,0.31795824,38.0,0
JOB004,R0805,"job title: devops engineer company: cloudbase ltd about the role: we are hiring a devops engineer to manage our cloud infrastructure and streamline our deployment pipelines. responsibilities: - build and maintain ci/cd pipelines - manage kubernetes clusters and container orchestration - automate infrastructure using infrastructure-as-code - monitor system reliability and respond to incidents requirements: skills - strong experience with docker and kubernetes - ci/cd tools (jenkins, github actions, gitlab ci) - cloud platforms: aws, gcp or azure - infrastructure-as-code: terraform or ansible - scripting in python or bash education - bsc in computer science, it or equivalent experience - 2+ years in a devops or site reliability engineering role - experience with linux server administration certifications - aws solutions architect or certified kubernetes administrator preferred","mary martinez email: r0805@email.com skills ci/cd, aws, redshift, terraform, elasticsearch, a/b testing, gcp, linux education beng information technology, university of manchester (2019) work experience backend developer at globaltech systems (2017-2019): applied aws and gcp to deliver projects. | data engineer at acme digital (2017-2019): applied a/b testing and redshift to deliver projects. | software engineer at prismdata ltd (2020-2021): applied redshift and gcp to deliver projects. certifications none","ci/cd, aws, redshift, terraform, elasticsearch, a/b testing, gcp, linux","beng information technology, university of manchester (2019)",backend developer at globaltech systems (2017-2019): applied aws and gcp to deliver projects. | data engineer at acme digital (2017-2019): applied a/b testing and redshift to deliver projects. | software engineer at prismdata ltd (2020-2021): applied redshift and gcp to deliver projects.,,Female,White,1,0.61520255,0.46953905,0.17751554,0.547374,0.07283825,39.0,0
JOB004,R1687,"job title: devops engineer company: cloudbase ltd about the role: we are hiring a devops engineer to manage our cloud infrastructure and streamline our deployment pipelines. responsibilities: - build and maintain ci/cd pipelines - manage kubernetes clusters and container orchestration - automate infrastructure using infrastructure-as-code - monitor system reliability and respond to incidents requirements: skills - strong experience with docker and kubernetes - ci/cd tools (jenkins, github actions, gitlab ci) - cloud platforms: aws, gcp or azure - infrastructure-as-code: terraform or ansible - scripting in python or bash education - bsc in computer science, it or equivalent experience - 2+ years in a devops or site reliability engineering role - experience with linux server administration certifications - aws solutions architect or certified kubernetes administrator preferred","casey lopez email: r1687@email.com skills docker, pandas, spark, statistics, python, hadoop, ansible, kubernetes, data visualisation education bsc data science, university of hertfordshire (2021) work experience data analyst at globaltech systems (2022-2023): applied statistics and python to deliver projects. certifications microsoft azure fundamentals, comptia security+","docker, pandas, spark, statistics, python, hadoop, ansible, kubernetes, data visualisation","bsc data science, university of hertfordshire (2021)",data analyst at globaltech systems (2022-2023): applied statistics and python to deliver projects.,"microsoft azure fundamentals, comptia security+",Non-binary,White,0,0.6151568,0.45517868,0.23211347,0.38075715,0.23817499,40.0,0
JOB004,R1167,"job title: devops engineer company: cloudbase ltd about the role: we are hiring a devops engineer to manage our cloud infrastructure and streamline our deployment pipelines. responsibilities: - build and maintain ci/cd pipelines - manage kubernetes clusters and container orchestration - automate infrastructure using infrastructure-as-code - monitor system reliability and respond to incidents requirements: skills - strong experience with docker and kubernetes - ci/cd tools (jenkins, github actions, gitlab ci) - cloud platforms: aws, gcp or azure - infrastructure-as-code: terraform or ansible - scripting in python or bash education - bsc in computer science, it or equivalent experience - 2+ years in a devops or site reliability engineering role - experience with linux server administration certifications - aws solutions architect or certified kubernetes administrator preferred","noah osei email: r1167@email.com skills python, fastapi, pandas, ansible education msc computer science, university of greenwich (2012) work experience full stack developer at datasolutions uk (2022-2025): applied python and ansible to deliver projects. | qa engineer at betaworks (2018-2019): applied ansible and python to deliver projects. certifications databricks certified associate, google cloud professional","python, fastapi, pandas, ansible","msc computer science, university of greenwich (2012)",full stack developer at datasolutions uk (2022-2025): applied python and ansible to deliver projects. | qa engineer at betaworks (2018-2019): applied ansible and python to deliver projects.,"databricks certified associate, google cloud professional",Male,White,0,0.61091673,0.26111257,0.13899806,0.5235797,0.47160837,41.0,0
JOB004,R0971,"job title: devops engineer company: cloudbase ltd about the role: we are hiring a devops engineer to manage our cloud infrastructure and streamline our deployment pipelines. responsibilities: - build and maintain ci/cd pipelines - manage kubernetes clusters and container orchestration - automate infrastructure using infrastructure-as-code - monitor system reliability and respond to incidents requirements: skills - strong experience with docker and kubernetes - ci/cd tools (jenkins, github actions, gitlab ci) - cloud platforms: aws, gcp or azure - infrastructure-as-code: terraform or ansible - scripting in python or bash education - bsc in computer science, it or equivalent experience - 2+ years in a devops or site reliability engineering role - experience with linux server administration certifications - aws solutions architect or certified kubernetes administrator preferred","daniel anderson email: r0971@email.com skills machine learning, kubernetes, terraform, power bi, git education bsc statistics, london metropolitan university (2021) work experience full stack developer at betaworks (2017-2018): applied machine learning and kubernetes to deliver projects. | full stack developer at byteforge (2021-2022): applied power bi and kubernetes to deliver projects. | junior developer at datasolutions uk (2019-2022): applied kubernetes and kubernetes to deliver projects. certifications none","machine learning, kubernetes, terraform, power bi, git","bsc statistics, london metropolitan university (2021)",full stack developer at betaworks (2017-2018): applied machine learning and kubernetes to deliver projects. | full stack developer at byteforge (2021-2022): applied power bi and kubernetes to deliver projects. | junior developer at datasolutions uk (2019-2022): applied kubernetes and kubernetes to deliver projects.,,Male,White,0,0.59812474,0.5045984,0.15931004,0.5128521,0.07283825,42.0,0
JOB004,R0630,"job title: devops engineer company: cloudbase ltd about the role: we are hiring a devops engineer to manage our cloud infrastructure and streamline our deployment pipelines. responsibilities: - build and maintain ci/cd pipelines - manage kubernetes clusters and container orchestration - automate infrastructure using infrastructure-as-code - monitor system reliability and respond to incidents requirements: skills - strong experience with docker and kubernetes - ci/cd tools (jenkins, github actions, gitlab ci) - cloud platforms: aws, gcp or azure - infrastructure-as-code: terraform or ansible - scripting in python or bash education - bsc in computer science, it or equivalent experience - 2+ years in a devops or site reliability engineering role - experience with linux server administration certifications - aws solutions architect or certified kubernetes administrator preferred","fatima wilson email: r0630@email.com skills docker, redis, agile, microservices, pandas, ci/cd, terraform, deep learning education beng information technology, university of birmingham (2019) work experience machine learning engineer at globaltech systems (2017-2019): applied agile and terraform to deliver projects. certifications none","docker, redis, agile, microservices, pandas, ci/cd, terraform, deep learning","beng information technology, university of birmingham (2019)",machine learning engineer at globaltech systems (2017-2019): applied agile and terraform to deliver projects.,,Female,White,0,0.59641063,0.49760094,0.20838931,0.4888251,0.07283827,43.0,0
JOB004,R0230,"job title: devops engineer company: cloudbase ltd about the role: we are hiring a devops engineer to manage our cloud infrastructure and streamline our deployment pipelines. responsibilities: - build and maintain ci/cd pipelines - manage kubernetes clusters and container orchestration - automate infrastructure using infrastructure-as-code - monitor system reliability and respond to incidents requirements: skills - strong experience with docker and kubernetes - ci/cd tools (jenkins, github actions, gitlab ci) - cloud platforms: aws, gcp or azure - infrastructure-as-code: terraform or ansible - scripting in python or bash education - bsc in computer science, it or equivalent experience - 2+ years in a devops or site reliability engineering role - experience with linux server administration certifications - aws solutions architect or certified kubernetes administrator preferred","quinn zhang email: r0230@email.com skills ansible, python, machine learning, javascript, nlp education bsc mathematics, london metropolitan university (2014) work experience data engineer at techcorp ltd (2016-2019): applied javascript and nlp to deliver projects. | junior developer at cloudbase ltd (2018-2021): applied nlp and machine learning to deliver projects. certifications comptia security+, aws machine learning specialty","ansible, python, machine learning, javascript, nlp","bsc mathematics, london metropolitan university (2014)",data engineer at techcorp ltd (2016-2019): applied javascript and nlp to deliver projects. | junior developer at cloudbase ltd (2018-2021): applied nlp and machine learning to deliver projects.,"comptia security+, aws machine learning specialty",Non-binary,White,0,0.5923716,0.29094428,0.051369604,0.48438245,0.3945851,44.0,0
JOB004,R1519,"job title: devops engineer company: cloudbase ltd about the role: we are hiring a devops engineer to manage our cloud infrastructure and streamline our deployment pipelines. responsibilities: - build and maintain ci/cd pipelines - manage kubernetes clusters and container orchestration - automate infrastructure using infrastructure-as-code - monitor system reliability and respond to incidents requirements: skills - strong experience with docker and kubernetes - ci/cd tools (jenkins, github actions, gitlab ci) - cloud platforms: aws, gcp or azure - infrastructure-as-code: terraform or ansible - scripting in python or bash education - bsc in computer science, it or equivalent experience - 2+ years in a devops or site reliability engineering role - experience with linux server administration certifications - aws solutions architect or certified kubernetes administrator preferred","john lopez email: r1519@email.com skills git, machine learning, terraform, elasticsearch, linux, dbt, data visualisation, spark education bsc data science, university of edinburgh (2011) work experience data engineer at prismdata ltd (2018-2021): applied machine learning and spark to deliver projects. | devops engineer at acme digital (2015-2018): applied spark and git to deliver projects. | data analyst at techcorp ltd (2017-2020): applied spark and data visualisation to deliver projects. certifications google professional data engineer","git, machine learning, terraform, elasticsearch, linux, dbt, data visualisation, spark","bsc data science, university of edinburgh (2011)",data engineer at prismdata ltd (2018-2021): applied machine learning and spark to deliver projects. | devops engineer at acme digital (2015-2018): applied spark and git to deliver projects. | data analyst at techcorp ltd (2017-2020): applied spark and data visualisation to deliver projects.,google professional data engineer,Male,White,0,0.5894379,0.4340338,0.20345864,0.49256775,0.4798026,45.0,0
JOB004,R0544,"job title: devops engineer company: cloudbase ltd about the role: we are hiring a devops engineer to manage our cloud infrastructure and streamline our deployment pipelines. responsibilities: - build and maintain ci/cd pipelines - manage kubernetes clusters and container orchestration - automate infrastructure using infrastructure-as-code - monitor system reliability and respond to incidents requirements: skills - strong experience with docker and kubernetes - ci/cd tools (jenkins, github actions, gitlab ci) - cloud platforms: aws, gcp or azure - infrastructure-as-code: terraform or ansible - scripting in python or bash education - bsc in computer science, it or equivalent experience - 2+ years in a devops or site reliability engineering role - experience with linux server administration certifications - aws solutions architect or certified kubernetes administrator preferred","david rodriguez email: r0544@email.com skills ci/cd, typescript, redshift, c++, data visualisation education ba business information systems, king's college london (2018) work experience devops engineer at techcorp ltd (2021-2023): applied redshift and typescript to deliver projects. | devops engineer at techcorp ltd (2021-2024): applied typescript and typescript to deliver projects. certifications google cloud professional, databricks certified associate, google professional data engineer","ci/cd, typescript, redshift, c++, data visualisation","ba business information systems, king's college london (2018)",devops engineer at techcorp ltd (2021-2023): applied redshift and typescript to deliver projects. | devops engineer at techcorp ltd (2021-2024): applied typescript and typescript to deliver projects.,"google cloud professional, databricks certified associate, google professional data engineer",Male,White,0,0.58685124,0.13754904,0.22547281,0.49624157,0.61724186,46.0,0
JOB004,R0343,"job title: devops engineer company: cloudbase ltd about the role: we are hiring a devops engineer to manage our cloud infrastructure and streamline our deployment pipelines. responsibilities: - build and maintain ci/cd pipelines - manage kubernetes clusters and container orchestration - automate infrastructure using infrastructure-as-code - monitor system reliability and respond to incidents requirements: skills - strong experience with docker and kubernetes - ci/cd tools (jenkins, github actions, gitlab ci) - cloud platforms: aws, gcp or azure - infrastructure-as-code: terraform or ansible - scripting in python or bash education - bsc in computer science, it or equivalent experience - 2+ years in a devops or site reliability engineering role - experience with linux server administration certifications - aws solutions architect or certified kubernetes administrator preferred","joseph chen email: r0343@email.com skills github actions, python, power bi, ci/cd, kubernetes, redshift, git, deep learning education bsc statistics, london metropolitan university (2018) work experience software engineer at innovatesoft (2020-2023): applied git and redshift to deliver projects. certifications none","github actions, python, power bi, ci/cd, kubernetes, redshift, git, deep learning","bsc statistics, london metropolitan university (2018)",software engineer at innovatesoft (2020-2023): applied git and redshift to deliver projects.,,Male,Asian,1,0.56745684,0.4277755,0.14996195,0.4440254,0.07283827,47.0,0
JOB004,R0454,"job title: devops engineer company: cloudbase ltd about the role: we are hiring a devops engineer to manage our cloud infrastructure and streamline our deployment pipelines. responsibilities: - build and maintain ci/cd pipelines - manage kubernetes clusters and container orchestration - automate infrastructure using infrastructure-as-code - monitor system reliability and respond to incidents requirements: skills - strong experience with docker and kubernetes - ci/cd tools (jenkins, github actions, gitlab ci) - cloud platforms: aws, gcp or azure - infrastructure-as-code: terraform or ansible - scripting in python or bash education - bsc in computer science, it or equivalent experience - 2+ years in a devops or site reliability engineering role - experience with linux server administration certifications - aws solutions architect or certified kubernetes administrator preferred","carlos thompson email: r0454@email.com skills python, feature engineering, ci/cd, dbt, github actions, aws, statistics education bsc software engineering, university of manchester (2017) work experience data analyst at quantum analytics (2015-2018): applied github actions and dbt to deliver projects. certifications certified ethical hacker, google professional data engineer","python, feature engineering, ci/cd, dbt, github actions, aws, statistics","bsc software engineering, university of manchester (2017)",data analyst at quantum analytics (2015-2018): applied github actions and dbt to deliver projects.,"certified ethical hacker, google professional data engineer",Male,Black,0,0.5589863,0.45451215,0.21226898,0.38343495,0.4006247,48.0,0
JOB004,R1467,"job title: devops engineer company: cloudbase ltd about the role: we are hiring a devops engineer to manage our cloud infrastructure and streamline our deployment pipelines. responsibilities: - build and maintain ci/cd pipelines - manage kubernetes clusters and container orchestration - automate infrastructure using infrastructure-as-code - monitor system reliability and respond to incidents requirements: skills - strong experience with docker and kubernetes - ci/cd tools (jenkins, github actions, gitlab ci) - cloud platforms: aws, gcp or azure - infrastructure-as-code: terraform or ansible - scripting in python or bash education - bsc in computer science, it or equivalent experience - 2+ years in a devops or site reliability engineering role - experience with linux server administration certifications - aws solutions architect or certified kubernetes administrator preferred","lisa walker email: r1467@email.com skills python, linux, ci/cd, sql, java, power bi, github actions, unit testing education bsc computer science, university of sheffield (2024) work experience machine learning engineer at prismdata ltd (2015-2017): applied sql and linux to deliver projects. | qa engineer at byteforge (2019-2020): applied linux and sql to deliver projects. | junior developer at prismdata ltd (2018-2020): applied unit testing and power bi to deliver projects. certifications pmp project management, certified kubernetes administrator","python, linux, ci/cd, sql, java, power bi, github actions, unit testing","bsc computer science, university of sheffield (2024)",machine learning engineer at prismdata ltd (2015-2017): applied sql and linux to deliver projects. | qa engineer at byteforge (2019-2020): applied linux and sql to deliver projects. | junior developer at prismdata ltd (2018-2020): applied unit testing and power bi to deliver projects.,"pmp project management, certified kubernetes administrator",Female,White,0,0.55775815,0.32504788,0.23425251,0.42306608,0.4959286,49.0,0
JOB004,R1329,"job title: devops engineer company: cloudbase ltd about the role: we are hiring a devops engineer to manage our cloud infrastructure and streamline our deployment pipelines. responsibilities: - build and maintain ci/cd pipelines - manage kubernetes clusters and container orchestration - automate infrastructure using infrastructure-as-code - monitor system reliability and respond to incidents requirements: skills - strong experience with docker and kubernetes - ci/cd tools (jenkins, github actions, gitlab ci) - cloud platforms: aws, gcp or azure - infrastructure-as-code: terraform or ansible - scripting in python or bash education - bsc in computer science, it or equivalent experience - 2+ years in a devops or site reliability engineering role - experience with linux server administration certifications - aws solutions architect or certified kubernetes administrator preferred","sarah thomas email: r1329@email.com skills git, terraform, typescript, system design, pandas, kubernetes education beng information technology, london metropolitan university (2024) work experience machine learning engineer at alphatech (2019-2020): applied system design and system design to deliver projects. | full stack developer at starline systems (2019-2021): applied git and typescript to deliver projects. certifications none","git, terraform, typescript, system design, pandas, kubernetes","beng information technology, london metropolitan university (2024)",machine learning engineer at alphatech (2019-2020): applied system design and system design to deliver projects. | full stack developer at starline systems (2019-2021): applied git and typescript to deliver projects.,,Female,White,0,0.5493952,0.47368345,0.18742092,0.45444822,0.0728383,50.0,0
JOB004,R0966,"job title: devops engineer company: cloudbase ltd about the role: we are hiring a devops engineer to manage our cloud infrastructure and streamline our deployment pipelines. responsibilities: - build and maintain ci/cd pipelines - manage kubernetes clusters and container orchestration - automate infrastructure using infrastructure-as-code - monitor system reliability and respond to incidents requirements: skills - strong experience with docker and kubernetes - ci/cd tools (jenkins, github actions, gitlab ci) - cloud platforms: aws, gcp or azure - infrastructure-as-code: terraform or ansible - scripting in python or bash education - bsc in computer science, it or equivalent experience - 2+ years in a devops or site reliability engineering role - experience with linux server administration certifications - aws solutions architect or certified kubernetes administrator preferred","noah jones email: r0966@email.com skills sql, nlp, terraform, pandas education msc computer science, university of warwick (2014) work experience qa engineer at acme digital (2018-2021): applied nlp and pandas to deliver projects. certifications aws machine learning specialty, google professional data engineer, certified ethical hacker","sql, nlp, terraform, pandas","msc computer science, university of warwick (2014)",qa engineer at acme digital (2018-2021): applied nlp and pandas to deliver projects.,"aws machine learning specialty, google professional data engineer, certified ethical hacker",Male,White,0,0.5480666,0.23491836,0.16566795,0.30871895,0.5618007,51.0,0
JOB004,R0896,"job title: devops engineer company: cloudbase ltd about the role: we are hiring a devops engineer to manage our cloud infrastructure and streamline our deployment pipelines. responsibilities: - build and maintain ci/cd pipelines - manage kubernetes clusters and container orchestration - automate infrastructure using infrastructure-as-code - monitor system reliability and respond to incidents requirements: skills - strong experience with docker and kubernetes - ci/cd tools (jenkins, github actions, gitlab ci) - cloud platforms: aws, gcp or azure - infrastructure-as-code: terraform or ansible - scripting in python or bash education - bsc in computer science, it or equivalent experience - 2+ years in a devops or site reliability engineering role - experience with linux server administration certifications - aws solutions architect or certified kubernetes administrator preferred","michael martinez email: r0896@email.com skills linux, power bi, bash, sql, django, aws, spark, ci/cd education bsc data science, university of sheffield (2014) work experience full stack developer at globaltech systems (2017-2019): applied spark and linux to deliver projects. certifications none","linux, power bi, bash, sql, django, aws, spark, ci/cd","bsc data science, university of sheffield (2014)",full stack developer at globaltech systems (2017-2019): applied spark and linux to deliver projects.,,Male,White,0,0.54396164,0.34159714,0.17265421,0.42281967,0.07283827,52.0,0
JOB004,R1670,"job title: devops engineer company: cloudbase ltd about the role: we are hiring a devops engineer to manage our cloud infrastructure and streamline our deployment pipelines. responsibilities: - build and maintain ci/cd pipelines - manage kubernetes clusters and container orchestration - automate infrastructure using infrastructure-as-code - monitor system reliability and respond to incidents requirements: skills - strong experience with docker and kubernetes - ci/cd tools (jenkins, github actions, gitlab ci) - cloud platforms: aws, gcp or azure - infrastructure-as-code: terraform or ansible - scripting in python or bash education - bsc in computer science, it or equivalent experience - 2+ years in a devops or site reliability engineering role - experience with linux server administration certifications - aws solutions architect or certified kubernetes administrator preferred","jessica yamamoto email: r1670@email.com skills git, airflow, node.js, ci/cd, react, python education bsc mathematics, coventry university (2022) work experience machine learning engineer at byteforge (2015-2018): applied python and ci/cd to deliver projects. | software engineer at vertex solutions (2018-2021): applied react and python to deliver projects. certifications comptia security+","git, airflow, node.js, ci/cd, react, python","bsc mathematics, coventry university (2022)",machine learning engineer at byteforge (2015-2018): applied python and ci/cd to deliver projects. | software engineer at vertex solutions (2018-2021): applied react and python to deliver projects.,comptia security+,Female,White,0,0.54154897,0.3820727,0.14949349,0.42825046,0.102861986,53.0,0
JOB004,R0982,"job title: devops engineer company: cloudbase ltd about the role: we are hiring a devops engineer to manage our cloud infrastructure and streamline our deployment pipelines. responsibilities: - build and maintain ci/cd pipelines - manage kubernetes clusters and container orchestration - automate infrastructure using infrastructure-as-code - monitor system reliability and respond to incidents requirements: skills - strong experience with docker and kubernetes - ci/cd tools (jenkins, github actions, gitlab ci) - cloud platforms: aws, gcp or azure - infrastructure-as-code: terraform or ansible - scripting in python or bash education - bsc in computer science, it or equivalent experience - 2+ years in a devops or site reliability engineering role - experience with linux server administration certifications - aws solutions architect or certified kubernetes administrator preferred","barbara harris email: r0982@email.com skills agile, etl, git, system design, big data education bsc cybersecurity, university of sheffield (2011) work experience software engineer at techcorp ltd (2018-2020): applied etl and system design to deliver projects. | machine learning engineer at nexgen analytics (2017-2019): applied system design and system design to deliver projects. certifications aws certified developer, databricks certified associate","agile, etl, git, system design, big data","bsc cybersecurity, university of sheffield (2011)",software engineer at techcorp ltd (2018-2020): applied etl and system design to deliver projects. | machine learning engineer at nexgen analytics (2017-2019): applied system design and system design to deliver projects.,"aws certified developer, databricks certified associate",Female,Hispanic,0,0.5396852,0.37234452,0.2018247,0.409441,0.56447583,54.0,0
JOB004,R0793,"job title: devops engineer company: cloudbase ltd about the role: we are hiring a devops engineer to manage our cloud infrastructure and streamline our deployment pipelines. responsibilities: - build and maintain ci/cd pipelines - manage kubernetes clusters and container orchestration - automate infrastructure using infrastructure-as-code - monitor system reliability and respond to incidents requirements: skills - strong experience with docker and kubernetes - ci/cd tools (jenkins, github actions, gitlab ci) - cloud platforms: aws, gcp or azure - infrastructure-as-code: terraform or ansible - scripting in python or bash education - bsc in computer science, it or equivalent experience - 2+ years in a devops or site reliability engineering role - experience with linux server administration certifications - aws solutions architect or certified kubernetes administrator preferred","susan chen email: r0793@email.com skills github actions, typescript, agile, python, bash, unit testing, node.js education bsc mathematics, university of warwick (2016) work experience qa engineer at starline systems (2016-2017): applied typescript and bash to deliver projects. certifications tableau desktop specialist","github actions, typescript, agile, python, bash, unit testing, node.js","bsc mathematics, university of warwick (2016)",qa engineer at starline systems (2016-2017): applied typescript and bash to deliver projects.,tableau desktop specialist,Female,White,0,0.5170446,0.3846691,0.12806049,0.36293417,0.196939,55.0,0
JOB004,R1365,"job title: devops engineer company: cloudbase ltd about the role: we are hiring a devops engineer to manage our cloud infrastructure and streamline our deployment pipelines. responsibilities: - build and maintain ci/cd pipelines - manage kubernetes clusters and container orchestration - automate infrastructure using infrastructure-as-code - monitor system reliability and respond to incidents requirements: skills - strong experience with docker and kubernetes - ci/cd tools (jenkins, github actions, gitlab ci) - cloud platforms: aws, gcp or azure - infrastructure-as-code: terraform or ansible - scripting in python or bash education - bsc in computer science, it or equivalent experience - 2+ years in a devops or site reliability engineering role - experience with linux server administration certifications - aws solutions architect or certified kubernetes administrator preferred","patricia martinez email: r1365@email.com skills postgresql, typescript, linux, model deployment, big data education bsc software engineering, university of birmingham (2023) work experience devops engineer at techcorp ltd (2018-2020): applied postgresql and typescript to deliver projects. | software engineer at innovatesoft (2022-2023): applied linux and postgresql to deliver projects. | backend developer at vertex solutions (2020-2023): applied typescript and linux to deliver projects. certifications none","postgresql, typescript, linux, model deployment, big data","bsc software engineering, university of birmingham (2023)",devops engineer at techcorp ltd (2018-2020): applied postgresql and typescript to deliver projects. | software engineer at innovatesoft (2022-2023): applied linux and postgresql to deliver projects. | backend developer at vertex solutions (2020-2023): applied typescript and linux to deliver projects.,,Female,White,0,0.5033604,0.22211015,0.29668742,0.5065826,0.07283827,56.0,0
JOB005,R1005,"job title: data engineer company: prismdata ltd about the role: we are looking for a data engineer to design and build scalable data pipelines and data warehouse solutions. responsibilities: - build and maintain etl/elt data pipelines - design and optimise data warehouse schemas - collaborate with data scientists and analysts - ensure data quality and reliability requirements: skills - strong sql and python skills - experience with big data technologies: spark, hadoop - cloud data platforms: aws redshift, gcp bigquery, or azure synapse - workflow orchestration with airflow or similar - data modelling and etl best practices education - bsc in computer science, data engineering or related field experience - 2+ years as a data engineer or similar role - experience with data pipeline architecture certifications - aws data analytics or google professional data engineer preferred","james lee email: r1005@email.com skills microservices, sql, etl, spark, airflow, hadoop, javascript, aws education msc computer science, university of leeds (2016) work experience machine learning engineer at prismdata ltd (2016-2017): applied javascript and airflow to deliver projects. | devops engineer at cloudbase ltd (2021-2023): applied aws and javascript to deliver projects. | full stack developer at gamma digital (2022-2025): applied javascript and javascript to deliver projects. certifications databricks certified associate, comptia security+, tableau desktop specialist","microservices, sql, etl, spark, airflow, hadoop, javascript, aws","msc computer science, university of leeds (2016)",machine learning engineer at prismdata ltd (2016-2017): applied javascript and airflow to deliver projects. | devops engineer at cloudbase ltd (2021-2023): applied aws and javascript to deliver projects. | full stack developer at gamma digital (2022-2025): applied javascript and javascript to deliver projects.,"databricks certified associate, comptia security+, tableau desktop specialist",Male,White,1,0.74643177,0.48175567,0.2495879,0.6532414,0.4343258,1.0,1
JOB005,R0891,"job title: data engineer company: prismdata ltd about the role: we are looking for a data engineer to design and build scalable data pipelines and data warehouse solutions. responsibilities: - build and maintain etl/elt data pipelines - design and optimise data warehouse schemas - collaborate with data scientists and analysts - ensure data quality and reliability requirements: skills - strong sql and python skills - experience with big data technologies: spark, hadoop - cloud data platforms: aws redshift, gcp bigquery, or azure synapse - workflow orchestration with airflow or similar - data modelling and etl best practices education - bsc in computer science, data engineering or related field experience - 2+ years as a data engineer or similar role - experience with data pipeline architecture certifications - aws data analytics or google professional data engineer preferred","susan hernandez email: r0891@email.com skills aws, tensorflow, javascript, feature engineering, airflow, redis, postgresql, azure, sql, spark, java, python education beng information technology, coventry university (2023) work experience data engineer at prismdata ltd (2018-2019): applied aws and javascript to deliver projects. | full stack developer at cloudbase ltd (2022-2025): applied python and javascript to deliver projects. | systems analyst at techcorp ltd (2017-2018): applied tensorflow and airflow to deliver projects. certifications agile scrum master, tensorflow developer certificate","aws, tensorflow, javascript, feature engineering, airflow, redis, postgresql, azure, sql, spark, java, python","beng information technology, coventry university (2023)",data engineer at prismdata ltd (2018-2019): applied aws and javascript to deliver projects. | full stack developer at cloudbase ltd (2022-2025): applied python and javascript to deliver projects. | systems analyst at techcorp ltd (2017-2018): applied tensorflow and airflow to deliver projects.,"agile scrum master, tensorflow developer certificate",Female,Hispanic,1,0.74637413,0.5526453,0.30251467,0.73531955,0.32965273,2.0,1
JOB005,R1306,"job title: data engineer company: prismdata ltd about the role: we are looking for a data engineer to design and build scalable data pipelines and data warehouse solutions. responsibilities: - build and maintain etl/elt data pipelines - design and optimise data warehouse schemas - collaborate with data scientists and analysts - ensure data quality and reliability requirements: skills - strong sql and python skills - experience with big data technologies: spark, hadoop - cloud data platforms: aws redshift, gcp bigquery, or azure synapse - workflow orchestration with airflow or similar - data modelling and etl best practices education - bsc in computer science, data engineering or related field experience - 2+ years as a data engineer or similar role - experience with data pipeline architecture certifications - aws data analytics or google professional data engineer preferred","susan osei email: r1306@email.com skills airflow, sql, kafka, hadoop, postgresql, bigquery, feature engineering education msc computer science, university of leeds (2017) work experience junior developer at acme digital (2021-2024): applied bigquery and sql to deliver projects. | data engineer at gamma digital (2020-2021): applied bigquery and hadoop to deliver projects. certifications google cloud professional, aws certified developer","airflow, sql, kafka, hadoop, postgresql, bigquery, feature engineering","msc computer science, university of leeds (2017)",junior developer at acme digital (2021-2024): applied bigquery and sql to deliver projects. | data engineer at gamma digital (2020-2021): applied bigquery and hadoop to deliver projects.,"google cloud professional, aws certified developer",Female,Black,1,0.7239046,0.53412974,0.24708462,0.60129845,0.5651602,3.0,1
JOB005,R0628,"job title: data engineer company: prismdata ltd about the role: we are looking for a data engineer to design and build scalable data pipelines and data warehouse solutions. responsibilities: - build and maintain etl/elt data pipelines - design and optimise data warehouse schemas - collaborate with data scientists and analysts - ensure data quality and reliability requirements: skills - strong sql and python skills - experience with big data technologies: spark, hadoop - cloud data platforms: aws redshift, gcp bigquery, or azure synapse - workflow orchestration with airflow or similar - data modelling and etl best practices education - bsc in computer science, data engineering or related field experience - 2+ years as a data engineer or similar role - experience with data pipeline architecture certifications - aws data analytics or google professional data engineer preferred","elijah li email: r0628@email.com skills python, elasticsearch, tableau, airflow, hadoop, big data, postgresql, github actions education bsc data science, university of manchester (2018) work experience full stack developer at betaworks (2020-2023): applied python and big data to deliver projects. | data analyst at gamma digital (2017-2019): applied elasticsearch and elasticsearch to deliver projects. certifications aws machine learning specialty, microsoft azure fundamentals","python, elasticsearch, tableau, airflow, hadoop, big data, postgresql, github actions","bsc data science, university of manchester (2018)",full stack developer at betaworks (2020-2023): applied python and big data to deliver projects. | data analyst at gamma digital (2017-2019): applied elasticsearch and elasticsearch to deliver projects.,"aws machine learning specialty, microsoft azure fundamentals",Male,White,1,0.7165494,0.44120124,0.39151525,0.5437563,0.48852068,4.0,1
JOB005,R0420,"job title: data engineer company: prismdata ltd about the role: we are looking for a data engineer to design and build scalable data pipelines and data warehouse solutions. responsibilities: - build and maintain etl/elt data pipelines - design and optimise data warehouse schemas - collaborate with data scientists and analysts - ensure data quality and reliability requirements: skills - strong sql and python skills - experience with big data technologies: spark, hadoop - cloud data platforms: aws redshift, gcp bigquery, or azure synapse - workflow orchestration with airflow or similar - data modelling and etl best practices education - bsc in computer science, data engineering or related field experience - 2+ years as a data engineer or similar role - experience with data pipeline architecture certifications - aws data analytics or google professional data engineer preferred","carlos chen email: r0420@email.com skills pandas, pytorch, model deployment, etl, deep learning, aws, big data, airflow, sql education ba business information systems, northumbria university (2020) work experience qa engineer at betaworks (2021-2024): applied big data and sql to deliver projects. | data analyst at vertex solutions (2015-2017): applied aws and airflow to deliver projects. certifications databricks certified associate","pandas, pytorch, model deployment, etl, deep learning, aws, big data, airflow, sql","ba business information systems, northumbria university (2020)",qa engineer at betaworks (2021-2024): applied big data and sql to deliver projects. | data analyst at vertex solutions (2015-2017): applied aws and airflow to deliver projects.,databricks certified associate,Male,White,1,0.7113278,0.48507488,0.33516407,0.59388626,0.51043206,5.0,1
JOB005,R1154,"job title: data engineer company: prismdata ltd about the role: we are looking for a data engineer to design and build scalable data pipelines and data warehouse solutions. responsibilities: - build and maintain etl/elt data pipelines - design and optimise data warehouse schemas - collaborate with data scientists and analysts - ensure data quality and reliability requirements: skills - strong sql and python skills - experience with big data technologies: spark, hadoop - cloud data platforms: aws redshift, gcp bigquery, or azure synapse - workflow orchestration with airflow or similar - data modelling and etl best practices education - bsc in computer science, data engineering or related field experience - 2+ years as a data engineer or similar role - experience with data pipeline architecture certifications - aws data analytics or google professional data engineer preferred","joseph davis email: r1154@email.com skills python, airflow, jenkins, etl, sql, postgresql, data visualisation, spark, javascript education msc artificial intelligence, northumbria university (2020) work experience data analyst at gamma digital (2015-2017): applied jenkins and spark to deliver projects. | data analyst at datasolutions uk (2021-2022): applied etl and sql to deliver projects. | data analyst at techcorp ltd (2018-2020): applied javascript and airflow to deliver projects. certifications microsoft azure fundamentals","python, airflow, jenkins, etl, sql, postgresql, data visualisation, spark, javascript","msc artificial intelligence, northumbria university (2020)",data analyst at gamma digital (2015-2017): applied jenkins and spark to deliver projects. | data analyst at datasolutions uk (2021-2022): applied etl and sql to deliver projects. | data analyst at techcorp ltd (2018-2020): applied javascript and airflow to deliver projects.,microsoft azure fundamentals,Male,Asian,1,0.7094966,0.50420135,0.17782958,0.6365363,0.27294302,6.0,1
JOB005,R0940,"job title: data engineer company: prismdata ltd about the role: we are looking for a data engineer to design and build scalable data pipelines and data warehouse solutions. responsibilities: - build and maintain etl/elt data pipelines - design and optimise data warehouse schemas - collaborate with data scientists and analysts - ensure data quality and reliability requirements: skills - strong sql and python skills - experience with big data technologies: spark, hadoop - cloud data platforms: aws redshift, gcp bigquery, or azure synapse - workflow orchestration with airflow or similar - data modelling and etl best practices education - bsc in computer science, data engineering or related field experience - 2+ years as a data engineer or similar role - experience with data pipeline architecture certifications - aws data analytics or google professional data engineer preferred","john chen email: r0940@email.com skills data visualisation, spark, model deployment, nlp, aws, sql, terraform education bsc computer science, university of bristol (2021) work experience data engineer at cloudbase ltd (2021-2022): applied data visualisation and terraform to deliver projects. certifications certified kubernetes administrator, oracle certified java programmer","data visualisation, spark, model deployment, nlp, aws, sql, terraform","bsc computer science, university of bristol (2021)",data engineer at cloudbase ltd (2021-2022): applied data visualisation and terraform to deliver projects.,"certified kubernetes administrator, oracle certified java programmer",Male,White,0,0.6920383,0.5121172,0.3362321,0.53888905,0.34687805,7.0,1
JOB005,R1685,"job title: data engineer company: prismdata ltd about the role: we are looking for a data engineer to design and build scalable data pipelines and data warehouse solutions. responsibilities: - build and maintain etl/elt data pipelines - design and optimise data warehouse schemas - collaborate with data scientists and analysts - ensure data quality and reliability requirements: skills - strong sql and python skills - experience with big data technologies: spark, hadoop - cloud data platforms: aws redshift, gcp bigquery, or azure synapse - workflow orchestration with airflow or similar - data modelling and etl best practices education - bsc in computer science, data engineering or related field experience - 2+ years as a data engineer or similar role - experience with data pipeline architecture certifications - aws data analytics or google professional data engineer preferred","sarah davis email: r1685@email.com skills c++, docker, etl, react, airflow, python, sql, aws, hadoop, fastapi education beng information technology, university of greenwich (2018) work experience systems analyst at cloudbase ltd (2015-2016): applied hadoop and airflow to deliver projects. | software engineer at nexgen analytics (2017-2019): applied hadoop and react to deliver projects. | data analyst at acme digital (2021-2024): applied airflow and fastapi to deliver projects. certifications google cloud professional, aws solutions architect","c++, docker, etl, react, airflow, python, sql, aws, hadoop, fastapi","beng information technology, university of greenwich (2018)",systems analyst at cloudbase ltd (2015-2016): applied hadoop and airflow to deliver projects. | software engineer at nexgen analytics (2017-2019): applied hadoop and react to deliver projects. | data analyst at acme digital (2021-2024): applied airflow and fastapi to deliver projects.,"google cloud professional, aws solutions architect",Female,White,1,0.686298,0.40418994,0.23779276,0.56981647,0.566095,8.0,1
JOB005,R1236,"job title: data engineer company: prismdata ltd about the role: we are looking for a data engineer to design and build scalable data pipelines and data warehouse solutions. responsibilities: - build and maintain etl/elt data pipelines - design and optimise data warehouse schemas - collaborate with data scientists and analysts - ensure data quality and reliability requirements: skills - strong sql and python skills - experience with big data technologies: spark, hadoop - cloud data platforms: aws redshift, gcp bigquery, or azure synapse - workflow orchestration with airflow or similar - data modelling and etl best practices education - bsc in computer science, data engineering or related field experience - 2+ years as a data engineer or similar role - experience with data pipeline architecture certifications - aws data analytics or google professional data engineer preferred","joseph jones email: r1236@email.com skills aws, airflow, pandas, postgresql, redshift, sql, power bi education bsc data science, london metropolitan university (2019) work experience backend developer at byteforge (2019-2022): applied power bi and pandas to deliver projects. | machine learning engineer at globaltech systems (2017-2020): applied sql and pandas to deliver projects. certifications aws solutions architect, tableau desktop specialist","aws, airflow, pandas, postgresql, redshift, sql, power bi","bsc data science, london metropolitan university (2019)",backend developer at byteforge (2019-2022): applied power bi and pandas to deliver projects. | machine learning engineer at globaltech systems (2017-2020): applied sql and pandas to deliver projects.,"aws solutions architect, tableau desktop specialist",Male,Other,1,0.6798433,0.4780856,0.43015468,0.38966292,0.5134467,9.0,1
JOB005,R0778,"job title: data engineer company: prismdata ltd about the role: we are looking for a data engineer to design and build scalable data pipelines and data warehouse solutions. responsibilities: - build and maintain etl/elt data pipelines - design and optimise data warehouse schemas - collaborate with data scientists and analysts - ensure data quality and reliability requirements: skills - strong sql and python skills - experience with big data technologies: spark, hadoop - cloud data platforms: aws redshift, gcp bigquery, or azure synapse - workflow orchestration with airflow or similar - data modelling and etl best practices education - bsc in computer science, data engineering or related field experience - 2+ years as a data engineer or similar role - experience with data pipeline architecture certifications - aws data analytics or google professional data engineer preferred","lisa perez email: r0778@email.com skills aws, gcp, postgresql, etl, node.js, spark, hadoop, statistics, python education bsc software engineering, university of warwick (2023) work experience backend developer at nexgen analytics (2017-2019): applied python and statistics to deliver projects. | full stack developer at globaltech systems (2020-2022): applied aws and node.js to deliver projects. | machine learning engineer at innovatesoft (2016-2018): applied statistics and postgresql to deliver projects. certifications none","aws, gcp, postgresql, etl, node.js, spark, hadoop, statistics, python","bsc software engineering, university of warwick (2023)",backend developer at nexgen analytics (2017-2019): applied python and statistics to deliver projects. | full stack developer at globaltech systems (2020-2022): applied aws and node.js to deliver projects. | machine learning engineer at innovatesoft (2016-2018): applied statistics and postgresql to deliver projects.,,Female,White,1,0.679278,0.5358586,0.3784383,0.53749764,0.019879568,10.0,1
JOB005,R1235,"job title: data engineer company: prismdata ltd about the role: we are looking for a data engineer to design and build scalable data pipelines and data warehouse solutions. responsibilities: - build and maintain etl/elt data pipelines - design and optimise data warehouse schemas - collaborate with data scientists and analysts - ensure data quality and reliability requirements: skills - strong sql and python skills - experience with big data technologies: spark, hadoop - cloud data platforms: aws redshift, gcp bigquery, or azure synapse - workflow orchestration with airflow or similar - data modelling and etl best practices education - bsc in computer science, data engineering or related field experience - 2+ years as a data engineer or similar role - experience with data pipeline architecture certifications - aws data analytics or google professional data engineer preferred","sarah walker email: r1235@email.com skills react, python, aws, redis, java, power bi, postgresql, spark, hadoop, airflow, mongodb education bsc cybersecurity, university of greenwich (2024) work experience qa engineer at globaltech systems (2022-2024): applied power bi and airflow to deliver projects. | qa engineer at quantum analytics (2022-2024): applied airflow and aws to deliver projects. certifications none","react, python, aws, redis, java, power bi, postgresql, spark, hadoop, airflow, mongodb","bsc cybersecurity, university of greenwich (2024)",qa engineer at globaltech systems (2022-2024): applied power bi and airflow to deliver projects. | qa engineer at quantum analytics (2022-2024): applied airflow and aws to deliver projects.,,Female,White,1,0.6755538,0.43508887,0.24013267,0.520882,0.019879606,11.0,0
JOB005,R0744,"job title: data engineer company: prismdata ltd about the role: we are looking for a data engineer to design and build scalable data pipelines and data warehouse solutions. responsibilities: - build and maintain etl/elt data pipelines - design and optimise data warehouse schemas - collaborate with data scientists and analysts - ensure data quality and reliability requirements: skills - strong sql and python skills - experience with big data technologies: spark, hadoop - cloud data platforms: aws redshift, gcp bigquery, or azure synapse - workflow orchestration with airflow or similar - data modelling and etl best practices education - bsc in computer science, data engineering or related field experience - 2+ years as a data engineer or similar role - experience with data pipeline architecture certifications - aws data analytics or google professional data engineer preferred","jessica miller email: r0744@email.com skills etl, kafka, model deployment, redis, sql, kubernetes, airflow, aws, unit testing, c++ education bsc computer science, city university of london (2017) work experience full stack developer at cloudbase ltd (2019-2022): applied c++ and sql to deliver projects. certifications aws solutions architect","etl, kafka, model deployment, redis, sql, kubernetes, airflow, aws, unit testing, c++","bsc computer science, city university of london (2017)",full stack developer at cloudbase ltd (2019-2022): applied c++ and sql to deliver projects.,aws solutions architect,Female,White,1,0.67543584,0.41710848,0.30507016,0.4725979,0.49547607,12.0,0
JOB005,R1079,"job title: data engineer company: prismdata ltd about the role: we are looking for a data engineer to design and build scalable data pipelines and data warehouse solutions. responsibilities: - build and maintain etl/elt data pipelines - design and optimise data warehouse schemas - collaborate with data scientists and analysts - ensure data quality and reliability requirements: skills - strong sql and python skills - experience with big data technologies: spark, hadoop - cloud data platforms: aws redshift, gcp bigquery, or azure synapse - workflow orchestration with airflow or similar - data modelling and etl best practices education - bsc in computer science, data engineering or related field experience - 2+ years as a data engineer or similar role - experience with data pipeline architecture certifications - aws data analytics or google professional data engineer preferred","mei diallo email: r1079@email.com skills aws, etl, hadoop, system design, java, kafka, spark education bsc mathematics, city university of london (2017) work experience full stack developer at starline systems (2016-2019): applied kafka and hadoop to deliver projects. | machine learning engineer at cloudbase ltd (2022-2024): applied spark and etl to deliver projects. certifications tableau desktop specialist, google professional data engineer","aws, etl, hadoop, system design, java, kafka, spark","bsc mathematics, city university of london (2017)",full stack developer at starline systems (2016-2019): applied kafka and hadoop to deliver projects. | machine learning engineer at cloudbase ltd (2022-2024): applied spark and etl to deliver projects.,"tableau desktop specialist, google professional data engineer",Female,Black,1,0.6635035,0.5125663,0.21950631,0.49401975,0.5399414,13.0,0
JOB005,R0071,"job title: data engineer company: prismdata ltd about the role: we are looking for a data engineer to design and build scalable data pipelines and data warehouse solutions. responsibilities: - build and maintain etl/elt data pipelines - design and optimise data warehouse schemas - collaborate with data scientists and analysts - ensure data quality and reliability requirements: skills - strong sql and python skills - experience with big data technologies: spark, hadoop - cloud data platforms: aws redshift, gcp bigquery, or azure synapse - workflow orchestration with airflow or similar - data modelling and etl best practices education - bsc in computer science, data engineering or related field experience - 2+ years as a data engineer or similar role - experience with data pipeline architecture certifications - aws data analytics or google professional data engineer preferred","liam diallo email: r0071@email.com skills python, github actions, docker, tensorflow, spark, aws, airflow education msc computer science, northumbria university (2016) work experience devops engineer at cloudbase ltd (2017-2020): applied airflow and aws to deliver projects. certifications aws certified developer, certified kubernetes administrator, microsoft azure fundamentals","python, github actions, docker, tensorflow, spark, aws, airflow","msc computer science, northumbria university (2016)",devops engineer at cloudbase ltd (2017-2020): applied airflow and aws to deliver projects.,"aws certified developer, certified kubernetes administrator, microsoft azure fundamentals",Male,White,1,0.6616745,0.356484,0.22146794,0.589971,0.54549205,14.0,0
JOB005,R0659,"job title: data engineer company: prismdata ltd about the role: we are looking for a data engineer to design and build scalable data pipelines and data warehouse solutions. responsibilities: - build and maintain etl/elt data pipelines - design and optimise data warehouse schemas - collaborate with data scientists and analysts - ensure data quality and reliability requirements: skills - strong sql and python skills - experience with big data technologies: spark, hadoop - cloud data platforms: aws redshift, gcp bigquery, or azure synapse - workflow orchestration with airflow or similar - data modelling and etl best practices education - bsc in computer science, data engineering or related field experience - 2+ years as a data engineer or similar role - experience with data pipeline architecture certifications - aws data analytics or google professional data engineer preferred","william moore email: r0659@email.com skills python, etl, linux, azure, git, statistics, aws education beng information technology, university of warwick (2024) work experience junior developer at datasolutions uk (2019-2020): applied git and linux to deliver projects. | software engineer at globaltech systems (2015-2016): applied statistics and etl to deliver projects. certifications databricks certified associate, oracle certified java programmer, aws machine learning specialty","python, etl, linux, azure, git, statistics, aws","beng information technology, university of warwick (2024)",junior developer at datasolutions uk (2019-2020): applied git and linux to deliver projects. | software engineer at globaltech systems (2015-2016): applied statistics and etl to deliver projects.,"databricks certified associate, oracle certified java programmer, aws machine learning specialty",Male,White,0,0.65174264,0.45216298,0.3237864,0.46812487,0.65955174,15.0,0
JOB005,R1657,"job title: data engineer company: prismdata ltd about the role: we are looking for a data engineer to design and build scalable data pipelines and data warehouse solutions. responsibilities: - build and maintain etl/elt data pipelines - design and optimise data warehouse schemas - collaborate with data scientists and analysts - ensure data quality and reliability requirements: skills - strong sql and python skills - experience with big data technologies: spark, hadoop - cloud data platforms: aws redshift, gcp bigquery, or azure synapse - workflow orchestration with airflow or similar - data modelling and etl best practices education - bsc in computer science, data engineering or related field experience - 2+ years as a data engineer or similar role - experience with data pipeline architecture certifications - aws data analytics or google professional data engineer preferred","carlos walker email: r1657@email.com skills aws, node.js, etl, spark, azure, airflow, bigquery, tableau, postgresql, bash, python education msc computer science, king's college london (2012) work experience full stack developer at acme digital (2018-2021): applied bash and tableau to deliver projects. certifications aws machine learning specialty","aws, node.js, etl, spark, azure, airflow, bigquery, tableau, postgresql, bash, python","msc computer science, king's college london (2012)",full stack developer at acme digital (2018-2021): applied bash and tableau to deliver projects.,aws machine learning specialty,Male,White,1,0.65045434,0.4758212,0.27648407,0.3130271,0.5388689,16.0,0
JOB005,R0422,"job title: data engineer company: prismdata ltd about the role: we are looking for a data engineer to design and build scalable data pipelines and data warehouse solutions. responsibilities: - build and maintain etl/elt data pipelines - design and optimise data warehouse schemas - collaborate with data scientists and analysts - ensure data quality and reliability requirements: skills - strong sql and python skills - experience with big data technologies: spark, hadoop - cloud data platforms: aws redshift, gcp bigquery, or azure synapse - workflow orchestration with airflow or similar - data modelling and etl best practices education - bsc in computer science, data engineering or related field experience - 2+ years as a data engineer or similar role - experience with data pipeline architecture certifications - aws data analytics or google professional data engineer preferred","maria adeyemi email: r0422@email.com skills dbt, power bi, elasticsearch, node.js, spark, r, unit testing education bsc software engineering, coventry university (2010) work experience data analyst at globaltech systems (2015-2016): applied dbt and r to deliver projects. certifications tableau desktop specialist, tensorflow developer certificate, databricks certified associate","dbt, power bi, elasticsearch, node.js, spark, r, unit testing","bsc software engineering, coventry university (2010)",data analyst at globaltech systems (2015-2016): applied dbt and r to deliver projects.,"tableau desktop specialist, tensorflow developer certificate, databricks certified associate",Female,White,0,0.6488727,0.36747473,0.31837368,0.47211522,0.5358815,17.0,0
JOB005,R0960,"job title: data engineer company: prismdata ltd about the role: we are looking for a data engineer to design and build scalable data pipelines and data warehouse solutions. responsibilities: - build and maintain etl/elt data pipelines - design and optimise data warehouse schemas - collaborate with data scientists and analysts - ensure data quality and reliability requirements: skills - strong sql and python skills - experience with big data technologies: spark, hadoop - cloud data platforms: aws redshift, gcp bigquery, or azure synapse - workflow orchestration with airflow or similar - data modelling and etl best practices education - bsc in computer science, data engineering or related field experience - 2+ years as a data engineer or similar role - experience with data pipeline architecture certifications - aws data analytics or google professional data engineer preferred","aisha kim email: r0960@email.com skills aws, mongodb, sql, postgresql, redis, ansible, spark, r education bsc software engineering, city university of london (2015) work experience full stack developer at starline systems (2016-2018): applied mongodb and ansible to deliver projects. | devops engineer at starline systems (2017-2020): applied aws and ansible to deliver projects. certifications google professional data engineer","aws, mongodb, sql, postgresql, redis, ansible, spark, r","bsc software engineering, city university of london (2015)",full stack developer at starline systems (2016-2018): applied mongodb and ansible to deliver projects. | devops engineer at starline systems (2017-2020): applied aws and ansible to deliver projects.,google professional data engineer,Female,White,1,0.64758885,0.45749938,0.31922644,0.41519827,0.641317,18.0,0
JOB005,R0639,"job title: data engineer company: prismdata ltd about the role: we are looking for a data engineer to design and build scalable data pipelines and data warehouse solutions. responsibilities: - build and maintain etl/elt data pipelines - design and optimise data warehouse schemas - collaborate with data scientists and analysts - ensure data quality and reliability requirements: skills - strong sql and python skills - experience with big data technologies: spark, hadoop - cloud data platforms: aws redshift, gcp bigquery, or azure synapse - workflow orchestration with airflow or similar - data modelling and etl best practices education - bsc in computer science, data engineering or related field experience - 2+ years as a data engineer or similar role - experience with data pipeline architecture certifications - aws data analytics or google professional data engineer preferred","sophia adeyemi email: r0639@email.com skills etl, pandas, aws, spark, redshift, python education msc artificial intelligence, coventry university (2020) work experience software engineer at gamma digital (2017-2020): applied redshift and spark to deliver projects. certifications certified ethical hacker, google cloud professional, tensorflow developer certificate","etl, pandas, aws, spark, redshift, python","msc artificial intelligence, coventry university (2020)",software engineer at gamma digital (2017-2020): applied redshift and spark to deliver projects.,"certified ethical hacker, google cloud professional, tensorflow developer certificate",Female,White,1,0.63496685,0.44416064,0.24477178,0.5159644,0.40017676,19.0,0
JOB005,R1027,"job title: data engineer company: prismdata ltd about the role: we are looking for a data engineer to design and build scalable data pipelines and data warehouse solutions. responsibilities: - build and maintain etl/elt data pipelines - design and optimise data warehouse schemas - collaborate with data scientists and analysts - ensure data quality and reliability requirements: skills - strong sql and python skills - experience with big data technologies: spark, hadoop - cloud data platforms: aws redshift, gcp bigquery, or azure synapse - workflow orchestration with airflow or similar - data modelling and etl best practices education - bsc in computer science, data engineering or related field experience - 2+ years as a data engineer or similar role - experience with data pipeline architecture certifications - aws data analytics or google professional data engineer preferred","ahmed zhang email: r1027@email.com skills kubernetes, hadoop, python, pytorch, ansible, spark education bsc software engineering, coventry university (2012) work experience data engineer at cloudbase ltd (2015-2016): applied kubernetes and spark to deliver projects. | devops engineer at alphatech (2022-2025): applied python and pytorch to deliver projects. | data engineer at gamma digital (2015-2016): applied spark and kubernetes to deliver projects. certifications none","kubernetes, hadoop, python, pytorch, ansible, spark","bsc software engineering, coventry university (2012)",data engineer at cloudbase ltd (2015-2016): applied kubernetes and spark to deliver projects. | devops engineer at alphatech (2022-2025): applied python and pytorch to deliver projects. | data engineer at gamma digital (2015-2016): applied spark and kubernetes to deliver projects.,,Male,White,0,0.6270609,0.41700968,0.3149155,0.6292624,0.019879606,20.0,0
JOB005,R0307,"job title: data engineer company: prismdata ltd about the role: we are looking for a data engineer to design and build scalable data pipelines and data warehouse solutions. responsibilities: - build and maintain etl/elt data pipelines - design and optimise data warehouse schemas - collaborate with data scientists and analysts - ensure data quality and reliability requirements: skills - strong sql and python skills - experience with big data technologies: spark, hadoop - cloud data platforms: aws redshift, gcp bigquery, or azure synapse - workflow orchestration with airflow or similar - data modelling and etl best practices education - bsc in computer science, data engineering or related field experience - 2+ years as a data engineer or similar role - experience with data pipeline architecture certifications - aws data analytics or google professional data engineer preferred","wei jackson email: r0307@email.com skills system design, elasticsearch, airflow, etl, pandas, hadoop education ba business information systems, coventry university (2012) work experience qa engineer at byteforge (2016-2019): applied elasticsearch and elasticsearch to deliver projects. certifications databricks certified associate, aws solutions architect, oracle certified java programmer","system design, elasticsearch, airflow, etl, pandas, hadoop","ba business information systems, coventry university (2012)",qa engineer at byteforge (2016-2019): applied elasticsearch and elasticsearch to deliver projects.,"databricks certified associate, aws solutions architect, oracle certified java programmer",Male,White,0,0.6247299,0.46017766,0.32424504,0.36595482,0.62642044,21.0,0
JOB005,R0992,"job title: data engineer company: prismdata ltd about the role: we are looking for a data engineer to design and build scalable data pipelines and data warehouse solutions. responsibilities: - build and maintain etl/elt data pipelines - design and optimise data warehouse schemas - collaborate with data scientists and analysts - ensure data quality and reliability requirements: skills - strong sql and python skills - experience with big data technologies: spark, hadoop - cloud data platforms: aws redshift, gcp bigquery, or azure synapse - workflow orchestration with airflow or similar - data modelling and etl best practices education - bsc in computer science, data engineering or related field experience - 2+ years as a data engineer or similar role - experience with data pipeline architecture certifications - aws data analytics or google professional data engineer preferred","elijah adeyemi email: r0992@email.com skills sql, etl, airflow, tableau, aws, java, django education bsc statistics, university of greenwich (2018) work experience systems analyst at prismdata ltd (2017-2018): applied django and airflow to deliver projects. certifications none","sql, etl, airflow, tableau, aws, java, django","bsc statistics, university of greenwich (2018)",systems analyst at prismdata ltd (2017-2018): applied django and airflow to deliver projects.,,Male,White,1,0.623878,0.44675466,0.1914177,0.4586453,0.019879568,22.0,0
JOB005,R0039,"job title: data engineer company: prismdata ltd about the role: we are looking for a data engineer to design and build scalable data pipelines and data warehouse solutions. responsibilities: - build and maintain etl/elt data pipelines - design and optimise data warehouse schemas - collaborate with data scientists and analysts - ensure data quality and reliability requirements: skills - strong sql and python skills - experience with big data technologies: spark, hadoop - cloud data platforms: aws redshift, gcp bigquery, or azure synapse - workflow orchestration with airflow or similar - data modelling and etl best practices education - bsc in computer science, data engineering or related field experience - 2+ years as a data engineer or similar role - experience with data pipeline architecture certifications - aws data analytics or google professional data engineer preferred","lisa yamamoto email: r0039@email.com skills numpy, aws, unit testing, spark, airflow, agile education bsc mathematics, university of manchester (2021) work experience full stack developer at globaltech systems (2021-2024): applied aws and airflow to deliver projects. certifications certified ethical hacker","numpy, aws, unit testing, spark, airflow, agile","bsc mathematics, university of manchester (2021)",full stack developer at globaltech systems (2021-2024): applied aws and airflow to deliver projects.,certified ethical hacker,Female,White,0,0.6103017,0.4183703,0.2084482,0.5456886,0.19834396,23.0,0
JOB005,R0247,"job title: data engineer company: prismdata ltd about the role: we are looking for a data engineer to design and build scalable data pipelines and data warehouse solutions. responsibilities: - build and maintain etl/elt data pipelines - design and optimise data warehouse schemas - collaborate with data scientists and analysts - ensure data quality and reliability requirements: skills - strong sql and python skills - experience with big data technologies: spark, hadoop - cloud data platforms: aws redshift, gcp bigquery, or azure synapse - workflow orchestration with airflow or similar - data modelling and etl best practices education - bsc in computer science, data engineering or related field experience - 2+ years as a data engineer or similar role - experience with data pipeline architecture certifications - aws data analytics or google professional data engineer preferred","ahmed moore email: r0247@email.com skills spark, pandas, sql, etl, bash, a/b testing education msc computer science, university of edinburgh (2023) work experience machine learning engineer at gamma digital (2018-2019): applied sql and pandas to deliver projects. | backend developer at acme digital (2018-2019): applied sql and spark to deliver projects. certifications certified ethical hacker","spark, pandas, sql, etl, bash, a/b testing","msc computer science, university of edinburgh (2023)",machine learning engineer at gamma digital (2018-2019): applied sql and pandas to deliver projects. | backend developer at acme digital (2018-2019): applied sql and spark to deliver projects.,certified ethical hacker,Male,White,0,0.6076926,0.3702994,0.26370984,0.52394986,0.19834396,24.0,0
JOB005,R0795,"job title: data engineer company: prismdata ltd about the role: we are looking for a data engineer to design and build scalable data pipelines and data warehouse solutions. responsibilities: - build and maintain etl/elt data pipelines - design and optimise data warehouse schemas - collaborate with data scientists and analysts - ensure data quality and reliability requirements: skills - strong sql and python skills - experience with big data technologies: spark, hadoop - cloud data platforms: aws redshift, gcp bigquery, or azure synapse - workflow orchestration with airflow or similar - data modelling and etl best practices education - bsc in computer science, data engineering or related field experience - 2+ years as a data engineer or similar role - experience with data pipeline architecture certifications - aws data analytics or google professional data engineer preferred","matthew perez email: r0795@email.com skills azure, sql, airflow, spark, typescript education bsc mathematics, university of warwick (2020) work experience junior developer at alphatech (2019-2020): applied typescript and sql to deliver projects. | data engineer at quantum analytics (2021-2022): applied spark and azure to deliver projects. | backend developer at techcorp ltd (2022-2023): applied typescript and typescript to deliver projects. certifications none","azure, sql, airflow, spark, typescript","bsc mathematics, university of warwick (2020)",junior developer at alphatech (2019-2020): applied typescript and sql to deliver projects. | data engineer at quantum analytics (2021-2022): applied spark and azure to deliver projects. | backend developer at techcorp ltd (2022-2023): applied typescript and typescript to deliver projects.,,Male,White,0,0.60414386,0.4207455,0.2753371,0.4860227,0.019879567,25.0,0
JOB005,R0471,"job title: data engineer company: prismdata ltd about the role: we are looking for a data engineer to design and build scalable data pipelines and data warehouse solutions. responsibilities: - build and maintain etl/elt data pipelines - design and optimise data warehouse schemas - collaborate with data scientists and analysts - ensure data quality and reliability requirements: skills - strong sql and python skills - experience with big data technologies: spark, hadoop - cloud data platforms: aws redshift, gcp bigquery, or azure synapse - workflow orchestration with airflow or similar - data modelling and etl best practices education - bsc in computer science, data engineering or related field experience - 2+ years as a data engineer or similar role - experience with data pipeline architecture certifications - aws data analytics or google professional data engineer preferred","elijah jackson email: r0471@email.com skills spark, github actions, redis, numpy, microservices, django, sql, python, dbt, hadoop education bsc cybersecurity, university of warwick (2010) work experience junior developer at gamma digital (2022-2024): applied microservices and github actions to deliver projects. certifications comptia security+, certified kubernetes administrator, aws certified developer","spark, github actions, redis, numpy, microservices, django, sql, python, dbt, hadoop","bsc cybersecurity, university of warwick (2010)",junior developer at gamma digital (2022-2024): applied microservices and github actions to deliver projects.,"comptia security+, certified kubernetes administrator, aws certified developer",Male,White,1,0.603554,0.3828911,0.26550007,0.29825783,0.41103622,26.0,0
JOB005,R0141,"job title: data engineer company: prismdata ltd about the role: we are looking for a data engineer to design and build scalable data pipelines and data warehouse solutions. responsibilities: - build and maintain etl/elt data pipelines - design and optimise data warehouse schemas - collaborate with data scientists and analysts - ensure data quality and reliability requirements: skills - strong sql and python skills - experience with big data technologies: spark, hadoop - cloud data platforms: aws redshift, gcp bigquery, or azure synapse - workflow orchestration with airflow or similar - data modelling and etl best practices education - bsc in computer science, data engineering or related field experience - 2+ years as a data engineer or similar role - experience with data pipeline architecture certifications - aws data analytics or google professional data engineer preferred","oliver garcia email: r0141@email.com skills airflow, machine learning, postgresql, aws, c++, model deployment, spark, mongodb, big data, pandas, hadoop, python education bsc mathematics, university of birmingham (2018) work experience qa engineer at nexgen analytics (2020-2022): applied mongodb and hadoop to deliver projects. | junior developer at starline systems (2021-2022): applied mongodb and spark to deliver projects. | qa engineer at vertex solutions (2015-2016): applied pandas and c++ to deliver projects. certifications comptia security+","airflow, machine learning, postgresql, aws, c++, model deployment, spark, mongodb, big data, pandas, hadoop, python","bsc mathematics, university of birmingham (2018)",qa engineer at nexgen analytics (2020-2022): applied mongodb and hadoop to deliver projects. | junior developer at starline systems (2021-2022): applied mongodb and spark to deliver projects. | qa engineer at vertex solutions (2015-2016): applied pandas and c++ to deliver projects.,comptia security+,Male,White,1,0.6034416,0.5057663,0.2699405,0.48701644,0.088574655,27.0,0
JOB005,R0711,"job title: data engineer company: prismdata ltd about the role: we are looking for a data engineer to design and build scalable data pipelines and data warehouse solutions. responsibilities: - build and maintain etl/elt data pipelines - design and optimise data warehouse schemas - collaborate with data scientists and analysts - ensure data quality and reliability requirements: skills - strong sql and python skills - experience with big data technologies: spark, hadoop - cloud data platforms: aws redshift, gcp bigquery, or azure synapse - workflow orchestration with airflow or similar - data modelling and etl best practices education - bsc in computer science, data engineering or related field experience - 2+ years as a data engineer or similar role - experience with data pipeline architecture certifications - aws data analytics or google professional data engineer preferred","susan thompson email: r0711@email.com skills numpy, agile, ci/cd, etl, react, postgresql, machine learning, django, python education bsc cybersecurity, city university of london (2014) work experience devops engineer at nexgen analytics (2020-2021): applied python and agile to deliver projects. certifications tableau desktop specialist","numpy, agile, ci/cd, etl, react, postgresql, machine learning, django, python","bsc cybersecurity, city university of london (2014)",devops engineer at nexgen analytics (2020-2021): applied python and agile to deliver projects.,tableau desktop specialist,Female,White,0,0.6029909,0.3649965,0.2462105,0.477589,0.28923774,28.0,0
JOB005,R0170,"job title: data engineer company: prismdata ltd about the role: we are looking for a data engineer to design and build scalable data pipelines and data warehouse solutions. responsibilities: - build and maintain etl/elt data pipelines - design and optimise data warehouse schemas - collaborate with data scientists and analysts - ensure data quality and reliability requirements: skills - strong sql and python skills - experience with big data technologies: spark, hadoop - cloud data platforms: aws redshift, gcp bigquery, or azure synapse - workflow orchestration with airflow or similar - data modelling and etl best practices education - bsc in computer science, data engineering or related field experience - 2+ years as a data engineer or similar role - experience with data pipeline architecture certifications - aws data analytics or google professional data engineer preferred","liam nguyen email: r0170@email.com skills model deployment, nlp, hadoop, ci/cd, tensorflow, postgresql, django, aws, python education bsc software engineering, king's college london (2015) work experience systems analyst at starline systems (2018-2019): applied nlp and ci/cd to deliver projects. | full stack developer at starline systems (2015-2018): applied model deployment and tensorflow to deliver projects. | software engineer at gamma digital (2016-2017): applied tensorflow and nlp to deliver projects. certifications oracle certified java programmer, google professional data engineer","model deployment, nlp, hadoop, ci/cd, tensorflow, postgresql, django, aws, python","bsc software engineering, king's college london (2015)",systems analyst at starline systems (2018-2019): applied nlp and ci/cd to deliver projects. | full stack developer at starline systems (2015-2018): applied model deployment and tensorflow to deliver projects. | software engineer at gamma digital (2016-2017): applied tensorflow and nlp to deliver projects.,"oracle certified java programmer, google professional data engineer",Male,White,1,0.60003096,0.423599,0.37772727,0.36250323,0.52097535,29.0,0
JOB005,R0365,"job title: data engineer company: prismdata ltd about the role: we are looking for a data engineer to design and build scalable data pipelines and data warehouse solutions. responsibilities: - build and maintain etl/elt data pipelines - design and optimise data warehouse schemas - collaborate with data scientists and analysts - ensure data quality and reliability requirements: skills - strong sql and python skills - experience with big data technologies: spark, hadoop - cloud data platforms: aws redshift, gcp bigquery, or azure synapse - workflow orchestration with airflow or similar - data modelling and etl best practices education - bsc in computer science, data engineering or related field experience - 2+ years as a data engineer or similar role - experience with data pipeline architecture certifications - aws data analytics or google professional data engineer preferred","daniel miller email: r0365@email.com skills pytorch, node.js, power bi, spark, numpy, hadoop, sql, redshift education bsc mathematics, university of bristol (2024) work experience devops engineer at quantum analytics (2017-2020): applied spark and numpy to deliver projects. certifications pmp project management","pytorch, node.js, power bi, spark, numpy, hadoop, sql, redshift","bsc mathematics, university of bristol (2024)",devops engineer at quantum analytics (2017-2020): applied spark and numpy to deliver projects.,pmp project management,Male,White,0,0.5932033,0.38704276,0.24472246,0.4848742,0.12469823,30.0,0
JOB005,R1282,"job title: data engineer company: prismdata ltd about the role: we are looking for a data engineer to design and build scalable data pipelines and data warehouse solutions. responsibilities: - build and maintain etl/elt data pipelines - design and optimise data warehouse schemas - collaborate with data scientists and analysts - ensure data quality and reliability requirements: skills - strong sql and python skills - experience with big data technologies: spark, hadoop - cloud data platforms: aws redshift, gcp bigquery, or azure synapse - workflow orchestration with airflow or similar - data modelling and etl best practices education - bsc in computer science, data engineering or related field experience - 2+ years as a data engineer or similar role - experience with data pipeline architecture certifications - aws data analytics or google professional data engineer preferred","david thompson email: r1282@email.com skills tableau, machine learning, postgresql, fastapi, etl, hadoop education beng information technology, university of edinburgh (2011) work experience machine learning engineer at nexgen analytics (2019-2020): applied machine learning and postgresql to deliver projects. | devops engineer at betaworks (2016-2018): applied hadoop and etl to deliver projects. | systems analyst at innovatesoft (2016-2017): applied tableau and hadoop to deliver projects. certifications tableau desktop specialist, tensorflow developer certificate","tableau, machine learning, postgresql, fastapi, etl, hadoop","beng information technology, university of edinburgh (2011)",machine learning engineer at nexgen analytics (2019-2020): applied machine learning and postgresql to deliver projects. | devops engineer at betaworks (2016-2018): applied hadoop and etl to deliver projects. | systems analyst at innovatesoft (2016-2017): applied tableau and hadoop to deliver projects.,"tableau desktop specialist, tensorflow developer certificate",Male,White,0,0.591873,0.4355862,0.2691875,0.5627781,0.3639853,31.0,0
JOB005,R0758,"job title: data engineer company: prismdata ltd about the role: we are looking for a data engineer to design and build scalable data pipelines and data warehouse solutions. responsibilities: - build and maintain etl/elt data pipelines - design and optimise data warehouse schemas - collaborate with data scientists and analysts - ensure data quality and reliability requirements: skills - strong sql and python skills - experience with big data technologies: spark, hadoop - cloud data platforms: aws redshift, gcp bigquery, or azure synapse - workflow orchestration with airflow or similar - data modelling and etl best practices education - bsc in computer science, data engineering or related field experience - 2+ years as a data engineer or similar role - experience with data pipeline architecture certifications - aws data analytics or google professional data engineer preferred","liam taylor email: r0758@email.com skills etl, sql, github actions, python, airflow, pytorch, bash, node.js, c++ education msc computer science, university of birmingham (2018) work experience qa engineer at alphatech (2019-2020): applied sql and etl to deliver projects. certifications oracle certified java programmer, tableau desktop specialist, certified kubernetes administrator","etl, sql, github actions, python, airflow, pytorch, bash, node.js, c++","msc computer science, university of birmingham (2018)",qa engineer at alphatech (2019-2020): applied sql and etl to deliver projects.,"oracle certified java programmer, tableau desktop specialist, certified kubernetes administrator",Male,Other,1,0.59047437,0.32452,0.27269253,0.46857113,0.41004115,32.0,0
JOB005,R1001,"job title: data engineer company: prismdata ltd about the role: we are looking for a data engineer to design and build scalable data pipelines and data warehouse solutions. responsibilities: - build and maintain etl/elt data pipelines - design and optimise data warehouse schemas - collaborate with data scientists and analysts - ensure data quality and reliability requirements: skills - strong sql and python skills - experience with big data technologies: spark, hadoop - cloud data platforms: aws redshift, gcp bigquery, or azure synapse - workflow orchestration with airflow or similar - data modelling and etl best practices education - bsc in computer science, data engineering or related field experience - 2+ years as a data engineer or similar role - experience with data pipeline architecture certifications - aws data analytics or google professional data engineer preferred","william chen email: r1001@email.com skills python, deep learning, sql, bash, etl, kubernetes education bsc cybersecurity, university of hertfordshire (2011) work experience data analyst at globaltech systems (2019-2020): applied sql and bash to deliver projects. | software engineer at acme digital (2015-2018): applied etl and kubernetes to deliver projects. certifications none","python, deep learning, sql, bash, etl, kubernetes","bsc cybersecurity, university of hertfordshire (2011)",data analyst at globaltech systems (2019-2020): applied sql and bash to deliver projects. | software engineer at acme digital (2015-2018): applied etl and kubernetes to deliver projects.,,Male,White,0,0.5895064,0.380052,0.24455953,0.5590248,0.019879615,33.0,0
JOB005,R1516,"job title: data engineer company: prismdata ltd about the role: we are looking for a data engineer to design and build scalable data pipelines and data warehouse solutions. responsibilities: - build and maintain etl/elt data pipelines - design and optimise data warehouse schemas - collaborate with data scientists and analysts - ensure data quality and reliability requirements: skills - strong sql and python skills - experience with big data technologies: spark, hadoop - cloud data platforms: aws redshift, gcp bigquery, or azure synapse - workflow orchestration with airflow or similar - data modelling and etl best practices education - bsc in computer science, data engineering or related field experience - 2+ years as a data engineer or similar role - experience with data pipeline architecture certifications - aws data analytics or google professional data engineer preferred","susan brown email: r1516@email.com skills elasticsearch, bash, power bi, ci/cd, scikit-learn, docker, postgresql education msc artificial intelligence, university of greenwich (2012) work experience devops engineer at alphatech (2018-2019): applied elasticsearch and bash to deliver projects. certifications databricks certified associate, aws solutions architect","elasticsearch, bash, power bi, ci/cd, scikit-learn, docker, postgresql","msc artificial intelligence, university of greenwich (2012)",devops engineer at alphatech (2018-2019): applied elasticsearch and bash to deliver projects.,"databricks certified associate, aws solutions architect",Female,White,0,0.5865505,0.3532186,0.1291851,0.37687135,0.61919564,34.0,0
JOB005,R1722,"job title: data engineer company: prismdata ltd about the role: we are looking for a data engineer to design and build scalable data pipelines and data warehouse solutions. responsibilities: - build and maintain etl/elt data pipelines - design and optimise data warehouse schemas - collaborate with data scientists and analysts - ensure data quality and reliability requirements: skills - strong sql and python skills - experience with big data technologies: spark, hadoop - cloud data platforms: aws redshift, gcp bigquery, or azure synapse - workflow orchestration with airflow or similar - data modelling and etl best practices education - bsc in computer science, data engineering or related field experience - 2+ years as a data engineer or similar role - experience with data pipeline architecture certifications - aws data analytics or google professional data engineer preferred","kevin perez email: r1722@email.com skills sql, redis, python, spark, machine learning, aws education msc computer science, university of sheffield (2013) work experience devops engineer at innovatesoft (2019-2020): applied machine learning and redis to deliver projects. | systems analyst at innovatesoft (2017-2018): applied python and sql to deliver projects. | machine learning engineer at acme digital (2019-2022): applied redis and spark to deliver projects. certifications certified ethical hacker","sql, redis, python, spark, machine learning, aws","msc computer science, university of sheffield (2013)",devops engineer at innovatesoft (2019-2020): applied machine learning and redis to deliver projects. | systems analyst at innovatesoft (2017-2018): applied python and sql to deliver projects. | machine learning engineer at acme digital (2019-2022): applied redis and spark to deliver projects.,certified ethical hacker,Male,White,1,0.5856105,0.5183964,0.19062686,0.5447204,0.19834396,35.0,0
JOB005,R1170,"job title: data engineer company: prismdata ltd about the role: we are looking for a data engineer to design and build scalable data pipelines and data warehouse solutions. responsibilities: - build and maintain etl/elt data pipelines - design and optimise data warehouse schemas - collaborate with data scientists and analysts - ensure data quality and reliability requirements: skills - strong sql and python skills - experience with big data technologies: spark, hadoop - cloud data platforms: aws redshift, gcp bigquery, or azure synapse - workflow orchestration with airflow or similar - data modelling and etl best practices education - bsc in computer science, data engineering or related field experience - 2+ years as a data engineer or similar role - experience with data pipeline architecture certifications - aws data analytics or google professional data engineer preferred","matthew garcia email: r1170@email.com skills etl, sql, python, java, linux, rest apis, hadoop education bsc cybersecurity, university of edinburgh (2011) work experience full stack developer at alphatech (2019-2020): applied hadoop and java to deliver projects. | software engineer at starline systems (2022-2025): applied hadoop and sql to deliver projects. | backend developer at betaworks (2016-2017): applied java and hadoop to deliver projects. certifications certified kubernetes administrator, comptia security+","etl, sql, python, java, linux, rest apis, hadoop","bsc cybersecurity, university of edinburgh (2011)",full stack developer at alphatech (2019-2020): applied hadoop and java to deliver projects. | software engineer at starline systems (2022-2025): applied hadoop and sql to deliver projects. | backend developer at betaworks (2016-2017): applied java and hadoop to deliver projects.,"certified kubernetes administrator, comptia security+",Male,Black,1,0.5723015,0.4344548,0.23331848,0.48341534,0.20965914,36.0,0
JOB005,R0888,"job title: data engineer company: prismdata ltd about the role: we are looking for a data engineer to design and build scalable data pipelines and data warehouse solutions. responsibilities: - build and maintain etl/elt data pipelines - design and optimise data warehouse schemas - collaborate with data scientists and analysts - ensure data quality and reliability requirements: skills - strong sql and python skills - experience with big data technologies: spark, hadoop - cloud data platforms: aws redshift, gcp bigquery, or azure synapse - workflow orchestration with airflow or similar - data modelling and etl best practices education - bsc in computer science, data engineering or related field experience - 2+ years as a data engineer or similar role - experience with data pipeline architecture certifications - aws data analytics or google professional data engineer preferred","daniel chen email: r0888@email.com skills java, typescript, dbt, pandas, deep learning, airflow education bsc statistics, university of hertfordshire (2013) work experience junior developer at techcorp ltd (2015-2016): applied typescript and dbt to deliver projects. | full stack developer at alphatech (2022-2023): applied deep learning and java to deliver projects. | full stack developer at gamma digital (2015-2017): applied airflow and airflow to deliver projects. certifications none","java, typescript, dbt, pandas, deep learning, airflow","bsc statistics, university of hertfordshire (2013)",junior developer at techcorp ltd (2015-2016): applied typescript and dbt to deliver projects. | full stack developer at alphatech (2022-2023): applied deep learning and java to deliver projects. | full stack developer at gamma digital (2015-2017): applied airflow and airflow to deliver projects.,,Male,White,0,0.5539588,0.33700812,0.19710177,0.4245106,0.019879567,37.0,0
JOB005,R0220,"job title: data engineer company: prismdata ltd about the role: we are looking for a data engineer to design and build scalable data pipelines and data warehouse solutions. responsibilities: - build and maintain etl/elt data pipelines - design and optimise data warehouse schemas - collaborate with data scientists and analysts - ensure data quality and reliability requirements: skills - strong sql and python skills - experience with big data technologies: spark, hadoop - cloud data platforms: aws redshift, gcp bigquery, or azure synapse - workflow orchestration with airflow or similar - data modelling and etl best practices education - bsc in computer science, data engineering or related field experience - 2+ years as a data engineer or similar role - experience with data pipeline architecture certifications - aws data analytics or google professional data engineer preferred","noah li email: r0220@email.com skills postgresql, scikit-learn, system design, linux, airflow, etl education msc artificial intelligence, university of sheffield (2013) work experience qa engineer at starline systems (2019-2020): applied airflow and scikit-learn to deliver projects. | machine learning engineer at nexgen analytics (2022-2024): applied postgresql and postgresql to deliver projects. certifications tableau desktop specialist","postgresql, scikit-learn, system design, linux, airflow, etl","msc artificial intelligence, university of sheffield (2013)",qa engineer at starline systems (2019-2020): applied airflow and scikit-learn to deliver projects. | machine learning engineer at nexgen analytics (2022-2024): applied postgresql and postgresql to deliver projects.,tableau desktop specialist,Male,Asian,0,0.5474734,0.39346015,0.12595561,0.4956279,0.2892377,38.0,0
JOB005,R0402,"job title: data engineer company: prismdata ltd about the role: we are looking for a data engineer to design and build scalable data pipelines and data warehouse solutions. responsibilities: - build and maintain etl/elt data pipelines - design and optimise data warehouse schemas - collaborate with data scientists and analysts - ensure data quality and reliability requirements: skills - strong sql and python skills - experience with big data technologies: spark, hadoop - cloud data platforms: aws redshift, gcp bigquery, or azure synapse - workflow orchestration with airflow or similar - data modelling and etl best practices education - bsc in computer science, data engineering or related field experience - 2+ years as a data engineer or similar role - experience with data pipeline architecture certifications - aws data analytics or google professional data engineer preferred","robert thomas email: r0402@email.com skills python, pandas, github actions, etl, hadoop, gcp, postgresql, pytorch, terraform education bsc statistics, university of bristol (2019) work experience machine learning engineer at globaltech systems (2017-2019): applied postgresql and github actions to deliver projects. | qa engineer at globaltech systems (2019-2022): applied pandas and pytorch to deliver projects. certifications none","python, pandas, github actions, etl, hadoop, gcp, postgresql, pytorch, terraform","bsc statistics, university of bristol (2019)",machine learning engineer at globaltech systems (2017-2019): applied postgresql and github actions to deliver projects. | qa engineer at globaltech systems (2019-2022): applied pandas and pytorch to deliver projects.,,Male,White,1,0.5300485,0.39546174,0.2565755,0.44595277,0.019879567,39.0,0
